{
  "loss": {
    "0": 0.2739564776,
    "1": 0.2644492388,
    "2": 0.2622953653,
    "3": 0.2602024376,
    "4": 0.2578817606,
    "5": 0.2083224058,
    "6": 0.1465256065,
    "7": 0.0840376392,
    "8": 0.0835177526,
    "9": 0.0498155691,
    "10": 0.0627423525,
    "11": 0.0414786339,
    "12": 0.03676112,
    "13": 0.0458844453,
    "14": 0.0263382103,
    "15": 0.0401202552,
    "16": 0.0306631718,
    "17": 0.023066828,
    "18": 0.0212989338,
    "19": 0.043718949,
    "20": 0.0210125968,
    "21": 0.0195437372,
    "22": 0.0483810939,
    "23": 0.0310896896,
    "24": 0.020386273,
    "25": 0.0194874331,
    "26": 0.0185666587,
    "27": 0.0183343776,
    "28": 0.017300887,
    "29": 0.0213572122,
    "30": 0.2879613638,
    "31": 0.2943758667,
    "32": 0.2607505023,
    "33": 0.1179380491
  },
  "accuracy": {
    "0": 0.5003837943,
    "1": 0.5024030209,
    "2": 0.5034042597,
    "3": 0.5108302236,
    "4": 0.5212599039,
    "5": 0.6751022339,
    "6": 0.8079766631,
    "7": 0.9089111686,
    "8": 0.9059324265,
    "9": 0.9523070455,
    "10": 0.9288694263,
    "11": 0.9598999023,
    "12": 0.9634960294,
    "13": 0.9547100663,
    "14": 0.9725406766,
    "15": 0.9567375779,
    "16": 0.9688193798,
    "17": 0.9757696986,
    "18": 0.9775969982,
    "19": 0.9544263482,
    "20": 0.9773800373,
    "21": 0.9791489244,
    "22": 0.9468669295,
    "23": 0.9653650522,
    "24": 0.9787317514,
    "25": 0.9797663689,
    "26": 0.9804589152,
    "27": 0.9808260202,
    "28": 0.9817855358,
    "29": 0.9795077443,
    "30": 0.5729161501,
    "31": 0.5292198658,
    "32": 0.5816687346,
    "33": 0.853508532
  },
  "get_f1": {
    "0": 0.3941076398,
    "1": 0.4229297638,
    "2": 0.4352326989,
    "3": 0.4485955834,
    "4": 0.4577679932,
    "5": 0.6334136724,
    "6": 0.7663003802,
    "7": 0.9076735377,
    "8": 0.8944985271,
    "9": 0.9521677494,
    "10": 0.9141107202,
    "11": 0.9597315192,
    "12": 0.9634726644,
    "13": 0.9545708299,
    "14": 0.9725026488,
    "15": 0.9557473063,
    "16": 0.9688231945,
    "17": 0.9757322073,
    "18": 0.9775674939,
    "19": 0.9505975842,
    "20": 0.9773668647,
    "21": 0.9791024327,
    "22": 0.9427073598,
    "23": 0.9652783275,
    "24": 0.9786864519,
    "25": 0.9797304869,
    "26": 0.9804279804,
    "27": 0.9807866216,
    "28": 0.9817486405,
    "29": 0.9794729352,
    "30": 0.4117024839,
    "31": 0.4063752592,
    "32": 0.5000837445,
    "33": 0.8540058732
  },
  "val_loss": {
    "0": 0.2671968937,
    "1": 0.2633681893,
    "2": 0.2629063129,
    "3": 0.260165453,
    "4": 0.2573040724,
    "5": 0.1566615403,
    "6": 0.1052420139,
    "7": 0.0570492558,
    "8": 0.0629978776,
    "9": 0.0384977385,
    "10": 0.0378393829,
    "11": 0.0683681741,
    "12": 0.0337633155,
    "13": 0.0347262882,
    "14": 0.0317504667,
    "15": 0.0252426658,
    "16": 0.0289568361,
    "17": 0.023791004,
    "18": 0.023502022,
    "19": 0.0238664337,
    "20": 0.0206157435,
    "21": 0.0199423954,
    "22": 0.1292366087,
    "23": 0.0239481088,
    "24": 0.0201352239,
    "25": 0.0207691342,
    "26": 0.0187286418,
    "27": 0.018272765,
    "28": 0.0177827291,
    "29": 0.0514166281,
    "30": 0.2973158062,
    "31": 0.2902074158,
    "32": 0.2122624665,
    "33": 0.0606829412
  },
  "val_accuracy": {
    "0": 0.5041607618,
    "1": 0.5022695065,
    "2": 0.4979196191,
    "3": 0.5064302683,
    "4": 0.5241607428,
    "5": 0.7920567393,
    "6": 0.873475194,
    "7": 0.9433096647,
    "8": 0.9275650382,
    "9": 0.9636879563,
    "10": 0.9609929323,
    "11": 0.9326241016,
    "12": 0.9678487182,
    "13": 0.9611347318,
    "14": 0.9707801342,
    "15": 0.9736642838,
    "16": 0.9682269692,
    "17": 0.9758865237,
    "18": 0.9750354886,
    "19": 0.9743262529,
    "20": 0.9774467945,
    "21": 0.9780614376,
    "22": 0.8402364254,
    "23": 0.9748936296,
    "24": 0.9794799089,
    "25": 0.9803309441,
    "26": 0.9797635674,
    "27": 0.9800472856,
    "28": 0.9807565212,
    "29": 0.9610874653,
    "30": 0.5331915021,
    "31": 0.5450118184,
    "32": 0.6795744896,
    "33": 0.9432151318
  },
  "val_get_f1": {
    "0": 0.4882219136,
    "1": 0.476355195,
    "2": 0.4496154785,
    "3": 0.4199585915,
    "4": 0.4886197746,
    "5": 0.7805091739,
    "6": 0.8727774024,
    "7": 0.9434224963,
    "8": 0.9277026653,
    "9": 0.9642840028,
    "10": 0.9617843628,
    "11": 0.9344499707,
    "12": 0.9683609009,
    "13": 0.961956203,
    "14": 0.971237421,
    "15": 0.9741508365,
    "16": 0.9687740207,
    "17": 0.9762712121,
    "18": 0.9755033851,
    "19": 0.9748247266,
    "20": 0.9780655503,
    "21": 0.978397429,
    "22": 0.8315873742,
    "23": 0.9753555655,
    "24": 0.9797539115,
    "25": 0.9805635214,
    "26": 0.9800243974,
    "27": 0.9803001285,
    "28": 0.9809881449,
    "29": 0.9616079926,
    "30": 0.4130932689,
    "31": 0.4520817697,
    "32": 0.6678939462,
    "33": 0.9441915154
  }
}