{
  "loss": {
    "0": 0.2717808783,
    "1": 0.2616084814,
    "2": 0.259708643,
    "3": 0.2590542138,
    "4": 0.2579920888,
    "5": 0.2570042014,
    "6": 0.2549130321,
    "7": 0.2509359121,
    "8": 0.2438749224,
    "9": 0.2351947725,
    "10": 0.222142145,
    "11": 0.2120919377,
    "12": 0.1968947202,
    "13": 0.188125357,
    "14": 0.179900825,
    "15": 0.1766393632,
    "16": 0.1721503884,
    "17": 0.1661907732,
    "18": 0.164546445,
    "19": 0.1660985351,
    "20": 0.159603104,
    "21": 0.1625911146,
    "22": 0.1589597613,
    "23": 0.1528332829,
    "24": 0.1520248502,
    "25": 0.1515385211,
    "26": 0.1514867097,
    "27": 0.1505050957,
    "28": 0.1475015879,
    "29": 0.1456228942,
    "30": 0.1466952264,
    "31": 0.1453129053,
    "32": 0.1452883482,
    "33": 0.143903181
  },
  "accuracy": {
    "0": 0.4922960103,
    "1": 0.4956159294,
    "2": 0.4986236393,
    "3": 0.5009496808,
    "4": 0.5023650527,
    "5": 0.5074229836,
    "6": 0.5177106261,
    "7": 0.5384991765,
    "8": 0.5726923347,
    "9": 0.6078845859,
    "10": 0.6485614777,
    "11": 0.675365448,
    "12": 0.708866477,
    "13": 0.7277921438,
    "14": 0.7430336475,
    "15": 0.7491219044,
    "16": 0.7571667433,
    "17": 0.7678133845,
    "18": 0.7711697221,
    "19": 0.7684118152,
    "20": 0.7796048522,
    "21": 0.7751141191,
    "22": 0.7805050611,
    "23": 0.7914587259,
    "24": 0.7923277617,
    "25": 0.7928741574,
    "26": 0.7933320403,
    "27": 0.7945497036,
    "28": 0.7999666929,
    "29": 0.8028339148,
    "30": 0.8010751009,
    "31": 0.8028026819,
    "32": 0.8038902283,
    "33": 0.8058676124
  },
  "get_f1": {
    "0": 0.393699497,
    "1": 0.4270165861,
    "2": 0.4388565421,
    "3": 0.4405093491,
    "4": 0.4454573095,
    "5": 0.4520744085,
    "6": 0.467019856,
    "7": 0.4898538589,
    "8": 0.5180348158,
    "9": 0.5538910627,
    "10": 0.6035952568,
    "11": 0.6352697015,
    "12": 0.6808624268,
    "13": 0.7037630081,
    "14": 0.7228634953,
    "15": 0.7304906249,
    "16": 0.7401939034,
    "17": 0.753471911,
    "18": 0.7571794391,
    "19": 0.7528327703,
    "20": 0.767372191,
    "21": 0.7601693273,
    "22": 0.7679141164,
    "23": 0.7816327214,
    "24": 0.782286942,
    "25": 0.7828274965,
    "26": 0.7835412025,
    "27": 0.7848519683,
    "28": 0.7915121913,
    "29": 0.7949286699,
    "30": 0.7925572395,
    "31": 0.7942584157,
    "32": 0.7950642705,
    "33": 0.7981638312
  },
  "val_loss": {
    "0": 0.2618294358,
    "1": 0.2600647509,
    "2": 0.2595249116,
    "3": 0.2587891519,
    "4": 0.2579193115,
    "5": 0.2574776709,
    "6": 0.2539096773,
    "7": 0.2524378598,
    "8": 0.2433831096,
    "9": 0.228870213,
    "10": 0.2273912281,
    "11": 0.2036193758,
    "12": 0.1971327513,
    "13": 0.1869633943,
    "14": 0.1831313521,
    "15": 0.1883150339,
    "16": 0.1727691144,
    "17": 0.1742939949,
    "18": 0.1590669304,
    "19": 0.1575072557,
    "20": 0.1531914324,
    "21": 0.1798426956,
    "22": 0.1669668704,
    "23": 0.1543426365,
    "24": 0.1434178203,
    "25": 0.1487712264,
    "26": 0.1433254331,
    "27": 0.1413328201,
    "28": 0.1410750449,
    "29": 0.1402524561,
    "30": 0.1436371803,
    "31": 0.1386041492,
    "32": 0.1442771256,
    "33": 0.1386036277
  },
  "val_accuracy": {
    "0": 0.4968301356,
    "1": 0.5027570724,
    "2": 0.4970365465,
    "3": 0.5020198822,
    "4": 0.5027865171,
    "5": 0.5068262815,
    "6": 0.5230442882,
    "7": 0.5413558483,
    "8": 0.5796007514,
    "9": 0.6312033534,
    "10": 0.6355969906,
    "11": 0.7029162645,
    "12": 0.7199009061,
    "13": 0.7272432446,
    "14": 0.7408958077,
    "15": 0.7260047793,
    "16": 0.7552266121,
    "17": 0.7535458207,
    "18": 0.7795535922,
    "19": 0.7841240764,
    "20": 0.7897561193,
    "21": 0.7421047688,
    "22": 0.7693215013,
    "23": 0.7879279256,
    "24": 0.8060920835,
    "25": 0.7975702286,
    "26": 0.8067997694,
    "27": 0.8106036186,
    "28": 0.8099253774,
    "29": 0.8129625916,
    "30": 0.8055022955,
    "31": 0.8144369125,
    "32": 0.8058856726,
    "33": 0.8161177039
  },
  "val_get_f1": {
    "0": 0.3998287618,
    "1": 0.477770865,
    "2": 0.471857518,
    "3": 0.4714670181,
    "4": 0.4527668357,
    "5": 0.502517879,
    "6": 0.4337303042,
    "7": 0.49358356,
    "8": 0.5979334116,
    "9": 0.5736556649,
    "10": 0.5657762885,
    "11": 0.6932473183,
    "12": 0.7196686268,
    "13": 0.6868606806,
    "14": 0.737313211,
    "15": 0.6833090782,
    "16": 0.7329007387,
    "17": 0.7286125422,
    "18": 0.7782857418,
    "19": 0.7797126174,
    "20": 0.7780671716,
    "21": 0.7086482048,
    "22": 0.7730628848,
    "23": 0.7794018388,
    "24": 0.7994048595,
    "25": 0.7885646224,
    "26": 0.8056869507,
    "27": 0.8018510938,
    "28": 0.8061932921,
    "29": 0.8044683933,
    "30": 0.79508394,
    "31": 0.8045089841,
    "32": 0.795681119,
    "33": 0.8036932945
  }
}