{
  "loss": {
    "0": 0.0471134,
    "1": 0.0131254792,
    "2": 0.0126078399,
    "3": 0.0114989327,
    "4": 0.0124353841,
    "5": 0.012170176,
    "6": 0.0119795669
  },
  "accuracy": {
    "0": 0.9437295198,
    "1": 0.9896118641,
    "2": 0.9896598458,
    "3": 0.9896678925,
    "4": 0.9896678925,
    "5": 0.9896678925,
    "6": 0.9896678925
  },
  "get_f1": {
    "0": 0.9209096432,
    "1": 0.9896080494,
    "2": 0.9896508455,
    "3": 0.9896638989,
    "4": 0.9896700978,
    "5": 0.9896475077,
    "6": 0.9896285534
  },
  "val_loss": {
    "0": 0.0154461479,
    "1": 0.0138133578,
    "2": 0.0129422685,
    "3": 0.0127903754,
    "4": 0.0136940358,
    "5": 0.0132355606,
    "6": 0.01316466
  },
  "val_accuracy": {
    "0": 0.9878004789,
    "1": 0.9883900285,
    "2": 0.9883900285,
    "3": 0.9883900285,
    "4": 0.9883900285,
    "5": 0.9883900285,
    "6": 0.9883900285
  },
  "val_get_f1": {
    "0": 0.9883189201,
    "1": 0.9888775945,
    "2": 0.9888775945,
    "3": 0.9888775945,
    "4": 0.9888775945,
    "5": 0.9888775945,
    "6": 0.9888775945
  }
}