{"loss":{"0":0.2702350616,"1":0.2612939775,"2":0.2598736584,"3":0.2585503757,"4":0.2558547854,"5":0.2446846813,"6":0.2194850147,"7":0.1947536319,"8":0.1795883775,"9":0.1701798737,"10":0.1584769338,"11":0.1603748053,"12":0.148164168,"13":0.1423110813,"14":0.1411064714,"15":0.1390658766,"16":0.131313622,"17":0.1329616606,"18":0.129392013,"19":0.128509447,"20":0.1242088601,"21":0.1230301112,"22":0.119118236,"23":0.1222556531,"24":0.121385403,"25":0.1180389673,"26":0.1158395335,"27":0.1171934307,"28":0.1154798195,"29":0.1157911643,"30":0.1144401133,"31":0.1111048386},"accuracy":{"0":0.4928787649,"1":0.4993101358,"2":0.502799511,"3":0.5086835027,"4":0.5210692286,"5":0.5651316643,"6":0.6335686445,"7":0.6871420741,"8":0.7199807763,"9":0.7402384877,"10":0.7651412487,"11":0.7618279457,"12":0.7853957415,"13":0.7967507243,"14":0.7989788055,"15":0.8028651476,"16":0.8163841367,"17":0.8135381937,"18":0.81933254,"19":0.8210548162,"20":0.8275310397,"21":0.8301208615,"22":0.8364081383,"23":0.8300792575,"24":0.831798315,"25":0.8372756839,"26":0.8408067226,"27":0.8381592631,"28":0.8414533734,"29":0.8396446705,"30":0.8424713612,"31":0.8482465148},"get_f1":{"0":0.4027772248,"1":0.4348170757,"2":0.4444721341,"3":0.4519724548,"4":0.469843477,"5":0.5257804394,"6":0.6125049591,"7":0.6773593426,"8":0.7131878734,"9":0.7329702377,"10":0.7588044405,"11":0.7518870831,"12":0.7800077796,"13":0.7924723029,"14":0.7941880226,"15":0.797360599,"16":0.8137082458,"17":0.8095009923,"18":0.8153426647,"19":0.817014873,"20":0.8245044351,"21":0.8268469572,"22":0.8335101604,"23":0.8265157342,"24":0.8283467293,"25":0.8344684839,"26":0.8378918171,"27":0.8350652456,"28":0.8391884565,"29":0.8365507722,"30":0.8401343822,"31":0.8459916115},"val_loss":{"0":0.2620399892,"1":0.2604761124,"2":0.2609060407,"3":0.258480072,"4":0.2539640963,"5":0.2380842566,"6":0.197204873,"7":0.1778722256,"8":0.165552929,"9":0.1567760706,"10":0.1692541093,"11":0.1455616206,"12":0.13905783,"13":0.1344549507,"14":0.137238279,"15":0.1289541274,"16":0.1270236075,"17":0.122528024,"18":0.1520818919,"19":0.1212438941,"20":0.1170591339,"21":0.1102601588,"22":0.1189487129,"23":0.1110010073,"24":0.128604278,"25":0.1063738242,"26":0.1036996171,"27":0.1064721122,"28":0.1140148491,"29":0.1142887846,"30":0.1046037599,"31":0.1291500777},"val_accuracy":{"0":0.5002086163,"1":0.5009342432,"2":0.502566874,"3":0.5074648261,"4":0.5287981629,"5":0.5905124545,"6":0.6824489832,"7":0.7257324457,"8":0.7526167631,"9":0.7692335844,"10":0.7515283227,"11":0.7884806991,"12":0.806458056,"13":0.8091973066,"14":0.808308363,"15":0.8225306273,"16":0.821714282,"17":0.8337777853,"18":0.7697233558,"19":0.8333605528,"20":0.8391473889,"21":0.8531519175,"22":0.8369886875,"23":0.8521178961,"24":0.8217687011,"25":0.8614059091,"26":0.8630748391,"27":0.8619138598,"28":0.8405442238,"29":0.850104332,"30":0.8583945632,"31":0.8185940981},"val_get_f1":{"0":0.4217283428,"1":0.4130041003,"2":0.5177773833,"3":0.4188747406,"4":0.4387911856,"5":0.5703777671,"6":0.680770874,"7":0.7148148417,"8":0.7524472475,"9":0.7740436196,"10":0.7698794603,"11":0.7925627828,"12":0.7970910072,"13":0.8147086501,"14":0.7946565747,"15":0.8246458769,"16":0.8261585236,"17":0.8382124305,"18":0.7327100635,"19":0.8384056091,"20":0.842485249,"21":0.8533086181,"22":0.830488205,"23":0.8476944566,"24":0.8133628964,"25":0.8593516946,"26":0.8630776405,"27":0.8600828052,"28":0.8435856104,"29":0.8491860628,"30":0.8596380949,"31":0.8251177073}}