{
  "loss": {
    "0": 0.2679457963,
    "1": 0.2595306933,
    "2": 0.2563299537,
    "3": 0.2305376828,
    "4": 0.1813865155,
    "5": 0.2143149972,
    "6": 0.2250194103,
    "7": 0.1639224589,
    "8": 0.1794669628,
    "9": 0.1357849985,
    "10": 0.1196798012,
    "11": 0.1146498546,
    "12": 0.1075124964,
    "13": 0.1062754616,
    "14": 0.10860461,
    "15": 0.1019668132,
    "16": 0.0980119333,
    "17": 0.0998024717,
    "18": 0.0946043804,
    "19": 0.0922684297,
    "20": 0.1412732899,
    "21": 0.1119842604,
    "22": 0.1006544009,
    "23": 0.0945475772,
    "24": 0.2102680951
  },
  "accuracy": {
    "0": 0.4966503382,
    "1": 0.5015686154,
    "2": 0.5121144056,
    "3": 0.618124187,
    "4": 0.742071867,
    "5": 0.6719215512,
    "6": 0.6411797404,
    "7": 0.7766993642,
    "8": 0.7408398986,
    "9": 0.8270097971,
    "10": 0.8543660045,
    "11": 0.8626405001,
    "12": 0.8738594651,
    "13": 0.8766536117,
    "14": 0.8725522757,
    "15": 0.8825065494,
    "16": 0.8887842894,
    "17": 0.8861013055,
    "18": 0.8941307068,
    "19": 0.8973888755,
    "20": 0.8206536174,
    "21": 0.8702614307,
    "22": 0.8870359659,
    "23": 0.8956829906,
    "24": 0.6646601558
  },
  "get_f1": {
    "0": 0.4103052616,
    "1": 0.437808603,
    "2": 0.4582115114,
    "3": 0.5739028454,
    "4": 0.718198359,
    "5": 0.6255893111,
    "6": 0.577116251,
    "7": 0.761793673,
    "8": 0.7043361664,
    "9": 0.8202500939,
    "10": 0.8510414362,
    "11": 0.8593732119,
    "12": 0.8712682724,
    "13": 0.8741606474,
    "14": 0.8687759042,
    "15": 0.8801585436,
    "16": 0.8875347376,
    "17": 0.8841512799,
    "18": 0.8931282163,
    "19": 0.8962857127,
    "20": 0.8053923249,
    "21": 0.8677975535,
    "22": 0.885697484,
    "23": 0.8945924044,
    "24": 0.5858030915
  },
  "val_loss": {
    "0": 0.2611916363,
    "1": 0.2583472431,
    "2": 0.2500835359,
    "3": 0.2222498506,
    "4": 0.175567314,
    "5": 0.2035697848,
    "6": 0.175682798,
    "7": 0.1396139562,
    "8": 0.1517329216,
    "9": 0.1157831028,
    "10": 0.1176609248,
    "11": 0.113414228,
    "12": 0.1140106246,
    "13": 0.1145949289,
    "14": 0.1047564596,
    "15": 0.0869365036,
    "16": 0.0845852122,
    "17": 0.0974375978,
    "18": 0.0846246779,
    "19": 0.0830518156,
    "20": 0.1111049801,
    "21": 0.0968441367,
    "22": 0.0881055295,
    "23": 0.0888900459,
    "24": 0.2282786816
  },
  "val_accuracy": {
    "0": 0.4992777705,
    "1": 0.5022962689,
    "2": 0.5411666632,
    "3": 0.6420000196,
    "4": 0.7681296468,
    "5": 0.6837407351,
    "6": 0.7567592859,
    "7": 0.8260185122,
    "8": 0.7984814644,
    "9": 0.8604999781,
    "10": 0.858055532,
    "11": 0.8605370522,
    "12": 0.8697592616,
    "13": 0.8596666455,
    "14": 0.8802222013,
    "15": 0.9064259529,
    "16": 0.9102963209,
    "17": 0.8939999938,
    "18": 0.9091851711,
    "19": 0.9138333201,
    "20": 0.873351872,
    "21": 0.8921666741,
    "22": 0.9089815021,
    "23": 0.9029814601,
    "24": 0.6390370131
  },
  "val_get_f1": {
    "0": 0.4651656747,
    "1": 0.407761842,
    "2": 0.5338177681,
    "3": 0.5214549899,
    "4": 0.7790531516,
    "5": 0.6750443578,
    "6": 0.7531985044,
    "7": 0.8269343972,
    "8": 0.7803224921,
    "9": 0.8612434864,
    "10": 0.8478458524,
    "11": 0.866941452,
    "12": 0.8675813079,
    "13": 0.8470695615,
    "14": 0.8743910789,
    "15": 0.9071175456,
    "16": 0.9100980163,
    "17": 0.8924808502,
    "18": 0.9089041948,
    "19": 0.9133232832,
    "20": 0.8695110083,
    "21": 0.8947350979,
    "22": 0.9081122279,
    "23": 0.9057402611,
    "24": 0.57720083
  }
}