{"loss":{"0":0.2548739612,"1":0.251519233,"2":0.2473670542,"3":0.2353681326,"4":0.2223230004,"5":0.2157478631,"6":0.2113550901,"7":0.2085704207,"8":0.2065374404,"9":0.2043259144,"10":0.2031035721,"11":0.2018869817,"12":0.2007306963,"13":0.1993249655,"14":0.1984574646,"15":0.1978460848,"16":0.1967781931,"17":0.1961767077,"18":0.1958533227,"19":0.194905743,"20":0.1942046732,"21":0.1939303428,"22":0.1929740161,"23":0.193055734,"24":0.1930014938,"25":0.1921869069,"26":0.1914838701,"27":0.1915971488,"28":0.1906732321},"accuracy":{"0":0.4983153045,"1":0.5173504949,"2":0.5418373346,"3":0.5958991647,"4":0.6399663687,"5":0.6577976942,"6":0.6699275374,"7":0.6765452027,"8":0.6815425158,"9":0.6871001124,"10":0.6899319291,"11":0.6941796541,"12":0.6963300109,"13":0.6988059282,"14":0.7013273239,"15":0.7023570538,"16":0.7049465775,"17":0.707036376,"18":0.706763804,"19":0.709656179,"20":0.7110645175,"21":0.7115339637,"22":0.7137524486,"23":0.7141689062,"24":0.7139947414,"25":0.7163798213,"26":0.7170537114,"27":0.7167659998,"28":0.7193933725},"get_f1":{"0":0.4476578832,"1":0.4846504033,"2":0.5144183636,"3":0.5548169613,"4":0.59506464,"5":0.616411984,"6":0.6314545274,"7":0.6413098574,"8":0.6471280456,"9":0.655126214,"10":0.6588983536,"11":0.6644275784,"12":0.6671705842,"13":0.6702663302,"14":0.6738247871,"15":0.6750734448,"16":0.6783879995,"17":0.6816319227,"18":0.6804882884,"19":0.6834783554,"20":0.6852219701,"21":0.6868057847,"22":0.6897447705,"23":0.6886624098,"24":0.6904025674,"25":0.6928677559,"26":0.6935183406,"27":0.6930229068,"28":0.6963876486},"val_loss":{"0":0.2542645931,"1":0.2528380156,"2":0.2469388694,"3":0.2308046669,"4":0.2254359126,"5":0.2195895314,"6":0.2165451199,"7":0.2185783386,"8":0.2135352939,"9":0.212708652,"10":0.2140096873,"11":0.213368386,"12":0.2119794339,"13":0.2112352401,"14":0.2091505975,"15":0.2086947411,"16":0.2090075314,"17":0.2082367688,"18":0.2088030875,"19":0.2077442557,"20":0.2075083852,"21":0.2082479596,"22":0.2074064165,"23":0.2067200989,"24":0.206511572,"25":0.2073652595,"26":0.2061085552,"27":0.2067998946,"28":0.2060182989},"val_accuracy":{"0":0.4974471331,"1":0.5092461705,"2":0.5408675671,"3":0.6107606888,"4":0.6308834553,"5":0.6516067982,"6":0.6609601974,"7":0.6566696763,"8":0.66962713,"9":0.6700133085,"10":0.6692410111,"11":0.6668812037,"12":0.671000123,"13":0.6766636372,"14":0.680310607,"15":0.6821984649,"16":0.6818981171,"17":0.6808683872,"18":0.6829707623,"19":0.681812346,"20":0.6827562451,"21":0.6834427714,"22":0.6834427714,"23":0.6873900294,"24":0.6852018833,"25":0.6843437552,"26":0.6862316132,"27":0.6846870184,"28":0.6852876544},"val_get_f1":{"0":0.4505641162,"1":0.4726858437,"2":0.5140103698,"3":0.5558134913,"4":0.5906381011,"5":0.6131893992,"6":0.6234658957,"7":0.617328465,"8":0.6335224509,"9":0.6379018426,"10":0.6340247989,"11":0.6333875656,"12":0.639721036,"13":0.6475738883,"14":0.6470729709,"15":0.65200001,"16":0.6533271074,"17":0.6510496736,"18":0.6547629237,"19":0.6494675279,"20":0.6519296765,"21":0.6553542018,"22":0.6537681222,"23":0.6607223153,"24":0.657376647,"25":0.6568903327,"26":0.6571415067,"27":0.6549639106,"28":0.6556308866}}