{"loss":{"0":0.2356459647,"1":0.2128352076,"2":0.2047028691,"3":0.1704538018,"4":0.1065541357,"5":0.0807177573,"6":0.067930311,"7":0.0620094389,"8":0.0558583252,"9":0.0527571701,"10":0.0503393635,"11":0.0489912741,"12":0.0472858287,"13":0.0575846247,"14":0.0466785692,"15":0.0445636027,"16":0.0433844402,"17":0.0437154621,"18":0.0418990366,"19":0.0407315567,"20":0.04174833,"21":0.0898263901,"22":0.0684626177,"23":0.0562994666,"24":0.0575668328},"accuracy":{"0":0.632825613,"1":0.700509429,"2":0.7171247005,"3":0.7630676627,"4":0.8652672172,"5":0.9030560851,"6":0.9207640886,"7":0.9293240905,"8":0.936666429,"9":0.9405587912,"10":0.9438058138,"11":0.9455126524,"12":0.9475784898,"13":0.9328625798,"14":0.9471569657,"15":0.9501386881,"16":0.9517934322,"17":0.9516789317,"18":0.9537187815,"19":0.9549936652,"20":0.9537395835,"21":0.8817471862,"22":0.9174493551,"23":0.9347202778,"24":0.9341478944},"get_f1":{"0":0.6047227383,"1":0.6920384169,"2":0.7141062617,"3":0.7634527087,"4":0.8646724224,"5":0.9029307961,"6":0.9210103154,"7":0.9296462536,"8":0.9370296001,"9":0.9408094287,"10":0.943942368,"11":0.9457131028,"12":0.9476741552,"13":0.930637598,"14":0.9472831488,"15":0.9504089952,"16":0.9519271255,"17":0.9519506097,"18":0.9539446235,"19":0.9551951885,"20":0.9537975192,"21":0.8689419627,"22":0.9175322652,"23":0.9349110723,"24":0.9343034625},"val_loss":{"0":0.2198003531,"1":0.2080100328,"2":0.2003599256,"3":0.1262189448,"4":0.0896000117,"5":0.0684707686,"6":0.0626513064,"7":0.0582519732,"8":0.0535828732,"9":0.0499025956,"10":0.0478312522,"11":0.045440957,"12":0.0462437011,"13":0.0451182574,"14":0.0428903848,"15":0.0418317653,"16":0.0444727354,"17":0.0403512977,"18":0.0386871845,"19":0.0369514041,"20":0.0441064872,"21":0.0810842738,"22":0.063082926,"23":0.0528672189,"24":0.0469726957},"val_accuracy":{"0":0.6888508797,"1":0.7173355222,"2":0.7252675891,"3":0.8334856629,"4":0.9015126824,"5":0.9169639945,"6":0.9366909266,"7":0.9387550354,"8":0.9378114343,"9":0.9442101717,"10":0.9446229935,"11":0.9468935132,"12":0.9448294044,"13":0.9476602077,"14":0.9533511996,"15":0.9514935017,"16":0.9483678937,"17":0.9529973865,"18":0.9560640454,"19":0.9607230425,"20":0.946156323,"21":0.9252498746,"22":0.9408486485,"23":0.9390498996,"24":0.9474832416},"val_get_f1":{"0":0.6770914197,"1":0.715854466,"2":0.7254806161,"3":0.8335376978,"4":0.900293231,"5":0.917106986,"6":0.936480701,"7":0.9385857582,"8":0.9383215904,"9":0.9443801641,"10":0.9449737668,"11":0.9470304847,"12":0.9450449347,"13":0.9478508234,"14":0.9534320831,"15":0.9517036676,"16":0.9487063289,"17":0.9532129765,"18":0.9561692476,"19":0.9608140588,"20":0.9464042783,"21":0.9237489104,"22":0.9403861165,"23":0.9392756224,"24":0.9476264715}}