{
  "loss": {
    "0": 0.2711315155,
    "1": 0.2609654963,
    "2": 0.2596047521,
    "3": 0.2581331432,
    "4": 0.2567777634,
    "5": 0.2557959259,
    "6": 0.2042415887,
    "7": 0.0893835872,
    "8": 0.0432637371,
    "9": 0.0465361886,
    "10": 0.0313737392,
    "11": 0.051768411,
    "12": 0.0323657319,
    "13": 0.0285982527,
    "14": 0.0261132475,
    "15": 0.0261250455,
    "16": 0.0346464962,
    "17": 0.0271313265,
    "18": 0.023000706,
    "19": 0.0225312598,
    "20": 0.0220442321,
    "21": 0.0227078646,
    "22": 0.0215372238,
    "23": 0.0297160428,
    "24": 0.0214952826,
    "25": 0.021375075,
    "26": 0.0206273962,
    "27": 0.0229309779,
    "28": 0.0206666794,
    "29": 0.0209231321,
    "30": 0.0710627511,
    "31": 0.0340850875,
    "32": 0.0243224017,
    "33": 0.0237306226
  },
  "accuracy": {
    "0": 0.5007925034,
    "1": 0.5044035912,
    "2": 0.5062826872,
    "3": 0.5088071823,
    "4": 0.5126470327,
    "5": 0.5134150386,
    "6": 0.6678022742,
    "7": 0.9025816917,
    "8": 0.959117651,
    "9": 0.951495111,
    "10": 0.9677042365,
    "11": 0.94512254,
    "12": 0.9687663317,
    "13": 0.9709640741,
    "14": 0.9728186131,
    "15": 0.9726144075,
    "16": 0.9631454349,
    "17": 0.9717401862,
    "18": 0.9750000238,
    "19": 0.9753349423,
    "20": 0.9758741856,
    "21": 0.9754084945,
    "22": 0.9763480425,
    "23": 0.9683741927,
    "24": 0.976323545,
    "25": 0.9765441418,
    "26": 0.97723037,
    "27": 0.9750000238,
    "28": 0.9770751595,
    "29": 0.9770833254,
    "30": 0.9119444489,
    "31": 0.9656617641,
    "32": 0.9741911888,
    "33": 0.9749264717
  },
  "get_f1": {
    "0": 0.3997232318,
    "1": 0.4375996888,
    "2": 0.4340806603,
    "3": 0.4492892325,
    "4": 0.4596018195,
    "5": 0.4629322588,
    "6": 0.6391947269,
    "7": 0.8948953748,
    "8": 0.9591342807,
    "9": 0.951200366,
    "10": 0.9677538872,
    "11": 0.94457829,
    "12": 0.9687495232,
    "13": 0.9709230065,
    "14": 0.9727593064,
    "15": 0.972604394,
    "16": 0.9627402425,
    "17": 0.9717390537,
    "18": 0.9749791622,
    "19": 0.9753158689,
    "20": 0.9758186936,
    "21": 0.9753943086,
    "22": 0.9763316512,
    "23": 0.9683789611,
    "24": 0.9763147831,
    "25": 0.976565659,
    "26": 0.9772093892,
    "27": 0.9750474095,
    "28": 0.9770932794,
    "29": 0.9770049453,
    "30": 0.8850229383,
    "31": 0.9657866359,
    "32": 0.9741947055,
    "33": 0.9749087691
  },
  "val_loss": {
    "0": 0.261885345,
    "1": 0.2611704171,
    "2": 0.2602850497,
    "3": 0.258466363,
    "4": 0.2579513192,
    "5": 0.25757581,
    "6": 0.0985726491,
    "7": 0.0581196658,
    "8": 0.03980802,
    "9": 0.0355061144,
    "10": 0.0305827521,
    "11": 0.0362874456,
    "12": 0.0309073534,
    "13": 0.0274226386,
    "14": 0.0272583626,
    "15": 0.0273367092,
    "16": 0.0575219058,
    "17": 0.0245826319,
    "18": 0.0235971529,
    "19": 0.0228515249,
    "20": 0.0226780213,
    "21": 0.0245962106,
    "22": 0.0252045635,
    "23": 0.0235385112,
    "24": 0.0217891522,
    "25": 0.0227406137,
    "26": 0.0209964607,
    "27": 0.0221825354,
    "28": 0.0209056735,
    "29": 0.0219178405,
    "30": 0.1101356819,
    "31": 0.0271501578,
    "32": 0.0249978695,
    "33": 0.0262164641
  },
  "val_accuracy": {
    "0": 0.5047222376,
    "1": 0.4982407391,
    "2": 0.4956481457,
    "3": 0.5051388741,
    "4": 0.5028240681,
    "5": 0.5054629445,
    "6": 0.8945833445,
    "7": 0.950555563,
    "8": 0.9592129588,
    "9": 0.9649537206,
    "10": 0.9680092335,
    "11": 0.9654629827,
    "12": 0.9700925946,
    "13": 0.9712499976,
    "14": 0.9689815044,
    "15": 0.969907403,
    "16": 0.9264814854,
    "17": 0.9733333588,
    "18": 0.9740740657,
    "19": 0.9743518233,
    "20": 0.9744444489,
    "21": 0.9748148322,
    "22": 0.9730092883,
    "23": 0.9734722376,
    "24": 0.9753240943,
    "25": 0.9744444489,
    "26": 0.9766666889,
    "27": 0.9744907618,
    "28": 0.9771296382,
    "29": 0.9765277505,
    "30": 0.8713425994,
    "31": 0.9721758962,
    "32": 0.9731481671,
    "33": 0.9720370173
  },
  "val_get_f1": {
    "0": 0.4151810408,
    "1": 0.3785686791,
    "2": 0.3537014127,
    "3": 0.4454955757,
    "4": 0.4214619696,
    "5": 0.4697748125,
    "6": 0.8936510682,
    "7": 0.9504188895,
    "8": 0.9593759179,
    "9": 0.9649328589,
    "10": 0.9680481553,
    "11": 0.9654945731,
    "12": 0.9701211452,
    "13": 0.9712744355,
    "14": 0.9690213799,
    "15": 0.9699736238,
    "16": 0.9260971546,
    "17": 0.9733459949,
    "18": 0.9740809798,
    "19": 0.9743568897,
    "20": 0.9744337201,
    "21": 0.9747446179,
    "22": 0.9730344415,
    "23": 0.9734939933,
    "24": 0.9753007293,
    "25": 0.9744521976,
    "26": 0.976652503,
    "27": 0.9744824767,
    "28": 0.9771049619,
    "29": 0.9765125513,
    "30": 0.8752946854,
    "31": 0.9721616507,
    "32": 0.973089993,
    "33": 0.9720085263
  }
}