{
  "loss": {
    "0": 0.273129791,
    "1": 0.2630270123,
    "2": 0.2619003356,
    "3": 0.2607111633,
    "4": 0.2599963248,
    "5": 0.259159714,
    "6": 0.2592728138
  },
  "accuracy": {
    "0": 0.5031536222,
    "1": 0.505433023,
    "2": 0.5051470399,
    "3": 0.5081372261,
    "4": 0.5080963969,
    "5": 0.5097222328,
    "6": 0.5122140646
  },
  "get_f1": {
    "0": 0.3976740539,
    "1": 0.436106801,
    "2": 0.4361512065,
    "3": 0.4388647676,
    "4": 0.4453527927,
    "5": 0.4502648413,
    "6": 0.4569461048
  },
  "val_loss": {
    "0": 0.264220655,
    "1": 0.2619194388,
    "2": 0.2612319887,
    "3": 0.2608498037,
    "4": 0.2620458901,
    "5": 0.2626232803,
    "6": 0.2634320855
  },
  "val_accuracy": {
    "0": 0.5046759248,
    "1": 0.5032407641,
    "2": 0.5021296144,
    "3": 0.5030092597,
    "4": 0.5037500262,
    "5": 0.5072222352,
    "6": 0.4992129505
  },
  "val_get_f1": {
    "0": 0.4359498918,
    "1": 0.4688183963,
    "2": 0.4201570451,
    "3": 0.418034941,
    "4": 0.353110224,
    "5": 0.461329639,
    "6": 0.3008294702
  }
}