{"loss":{"0":0.0420954078,"1":0.0138644399,"2":0.0127486074,"3":0.012273577,"4":0.0119580599,"5":0.0118127195,"6":0.011633398},"accuracy":{"0":0.9713033438,"1":0.9901643991,"2":0.9901643991,"3":0.9901643991,"4":0.9901643991,"5":0.9901643991,"6":0.9901643991},"get_f1":{"0":0.9710907936,"1":0.9901154041,"2":0.9901190996,"3":0.9902153015,"4":0.9900197387,"5":0.9902104139,"6":0.9900317788},"val_loss":{"0":0.0163024999,"1":0.014352235,"2":0.0138598727,"3":0.0134217897,"4":0.0136341909,"5":0.0131981699,"6":0.0131242555},"val_accuracy":{"0":0.9889303446,"1":0.9889732599,"2":0.9889732599,"3":0.9889732599,"4":0.9889732599,"5":0.9889732599,"6":0.9889732599},"val_get_f1":{"0":0.9888601899,"1":0.9889011979,"2":0.9889011979,"3":0.9889011979,"4":0.9889011979,"5":0.9889011979,"6":0.9889011979}}