{
  "loss": {
    "0": 0.0293329731,
    "1": 0.0022793578,
    "2": 0.0009093305,
    "3": 0.0007672576,
    "4": 0.0004725643,
    "5": 0.0084842937,
    "6": 0.0008029914
  },
  "accuracy": {
    "0": 0.9688360691,
    "1": 0.9999916553,
    "2": 1.0,
    "3": 0.9999916553,
    "4": 1.0,
    "5": 0.9872841239,
    "6": 1.0
  },
  "get_f1": {
    "0": 0.9559133649,
    "1": 0.9999913573,
    "2": 1.0,
    "3": 0.9999920726,
    "4": 1.0,
    "5": 0.9783781171,
    "6": 1.0
  },
  "val_loss": {
    "0": 0.0043027378,
    "1": 0.0011650706,
    "2": 0.0007320412,
    "3": 0.0005981163,
    "4": 0.0004041643,
    "5": 0.0016923875,
    "6": 0.0004241832
  },
  "val_accuracy": {
    "0": 0.9999527335,
    "1": 1.0,
    "2": 1.0,
    "3": 1.0,
    "4": 1.0,
    "5": 1.0,
    "6": 1.0
  },
  "val_get_f1": {
    "0": 0.9999545813,
    "1": 1.0,
    "2": 1.0,
    "3": 1.0,
    "4": 1.0,
    "5": 1.0,
    "6": 1.0
  }
}