{
  "loss": {
    "0": 0.2704540193,
    "1": 0.2598707676,
    "2": 0.2586124539,
    "3": 0.2571636736,
    "4": 0.2568027973,
    "5": 0.2563261986,
    "6": 0.2556832135,
    "7": 0.255156517,
    "8": 0.2546664178,
    "9": 0.2550628483,
    "10": 0.2544557452
  },
  "accuracy": {
    "0": 0.5042816997,
    "1": 0.5044417977,
    "2": 0.5047619343,
    "3": 0.5078111291,
    "4": 0.5084273815,
    "5": 0.5087234974,
    "6": 0.5108363628,
    "7": 0.5143097043,
    "8": 0.5146618485,
    "9": 0.5159744024,
    "10": 0.5173829794
  },
  "get_f1": {
    "0": 0.4049906731,
    "1": 0.442430079,
    "2": 0.4440171123,
    "3": 0.4554498792,
    "4": 0.4564856291,
    "5": 0.4516115189,
    "6": 0.4618549943,
    "7": 0.4682295024,
    "8": 0.469773978,
    "9": 0.4705371559,
    "10": 0.4723525941
  },
  "val_loss": {
    "0": 0.2609484792,
    "1": 0.2590553761,
    "2": 0.2591102123,
    "3": 0.2582494617,
    "4": 0.2584668696,
    "5": 0.2584556341,
    "6": 0.2573693395,
    "7": 0.2570979297,
    "8": 0.2573235631,
    "9": 0.2573949993,
    "10": 0.2574238181
  },
  "val_accuracy": {
    "0": 0.5040816069,
    "1": 0.5043537617,
    "2": 0.5037187934,
    "3": 0.4999093115,
    "4": 0.4966439903,
    "5": 0.5103401542,
    "6": 0.5017687082,
    "7": 0.5019500852,
    "8": 0.501496613,
    "9": 0.4996825457,
    "10": 0.5003628135
  },
  "val_get_f1": {
    "0": 0.4398114979,
    "1": 0.4233556092,
    "2": 0.4442385435,
    "3": 0.4616235197,
    "4": 0.3589847088,
    "5": 0.5217258334,
    "6": 0.4430795014,
    "7": 0.4630234838,
    "8": 0.4632193148,
    "9": 0.4136576355,
    "10": 0.4287334383
  }
}