{
  "loss": {
    "0": 0.2709234953,
    "1": 0.2613956034,
    "2": 0.2595100105,
    "3": 0.2576686442,
    "4": 0.2577184737,
    "5": 0.2563655376,
    "6": 0.2558671832,
    "7": 0.2554967999,
    "8": 0.2550631166,
    "9": 0.2543628812,
    "10": 0.2541640401,
    "11": 0.2539784312,
    "12": 0.2537697256
  },
  "accuracy": {
    "0": 0.5045098066,
    "1": 0.5041095018,
    "2": 0.5047222376,
    "3": 0.5077859759,
    "4": 0.508562088,
    "5": 0.5100898743,
    "6": 0.5118709207,
    "7": 0.5123611093,
    "8": 0.5137745142,
    "9": 0.5147303939,
    "10": 0.5153023005,
    "11": 0.516315341,
    "12": 0.5177778006
  },
  "get_f1": {
    "0": 0.4006680846,
    "1": 0.4337378442,
    "2": 0.4336159229,
    "3": 0.4487660825,
    "4": 0.4496102333,
    "5": 0.458902806,
    "6": 0.4662414789,
    "7": 0.4608151019,
    "8": 0.4682039917,
    "9": 0.4733622968,
    "10": 0.4759444892,
    "11": 0.4717675745,
    "12": 0.4778463542
  },
  "val_loss": {
    "0": 0.2606397271,
    "1": 0.2601662278,
    "2": 0.2593209147,
    "3": 0.258718133,
    "4": 0.2581412196,
    "5": 0.2579512,
    "6": 0.2591897249,
    "7": 0.2583835423,
    "8": 0.2566684186,
    "9": 0.2571062148,
    "10": 0.2565488815,
    "11": 0.2569795251,
    "12": 0.2563585043
  },
  "val_accuracy": {
    "0": 0.5083333254,
    "1": 0.5060185194,
    "2": 0.4967592657,
    "3": 0.5037500262,
    "4": 0.5024536848,
    "5": 0.5090277791,
    "6": 0.497731477,
    "7": 0.5077777505,
    "8": 0.5060185194,
    "9": 0.5012962818,
    "10": 0.5037500262,
    "11": 0.5060185194,
    "12": 0.4998611212
  },
  "val_get_f1": {
    "0": 0.444922179,
    "1": 0.4041599333,
    "2": 0.3264266253,
    "3": 0.4805952311,
    "4": 0.3961575627,
    "5": 0.5014596581,
    "6": 0.305921495,
    "7": 0.5227272511,
    "8": 0.4704147279,
    "9": 0.4327794313,
    "10": 0.4570060968,
    "11": 0.4865374267,
    "12": 0.4489609897
  }
}