{
  "loss": {
    "0": 0.2715374827,
    "1": 0.2599668503,
    "2": 0.2459046394,
    "3": 0.1926480979,
    "4": 0.174839735,
    "5": 0.167971611,
    "6": 0.1657397747,
    "7": 0.1628173739,
    "8": 0.1621972173,
    "9": 0.1605606675,
    "10": 0.1608706415,
    "11": 0.1587932259,
    "12": 0.1581434906,
    "13": 0.1577149928,
    "14": 0.1578361839,
    "15": 0.1566362083,
    "16": 0.155540064,
    "17": 0.1555028707,
    "18": 0.1545562744,
    "19": 0.1549229175,
    "20": 0.1545444429,
    "21": 0.1525042951,
    "22": 0.1527428925,
    "23": 0.1535107791,
    "24": 0.1517916322,
    "25": 0.1509000212,
    "26": 0.1519362926
  },
  "accuracy": {
    "0": 0.5011604428,
    "1": 0.5032893419,
    "2": 0.5555502176,
    "3": 0.7131893039,
    "4": 0.7490516305,
    "5": 0.7607282996,
    "6": 0.7645457983,
    "7": 0.7701800466,
    "8": 0.7702921033,
    "9": 0.7741256356,
    "10": 0.7723889351,
    "11": 0.7767747045,
    "12": 0.7775110006,
    "13": 0.7784233689,
    "14": 0.7782633305,
    "15": 0.7801600695,
    "16": 0.7824569941,
    "17": 0.7827050686,
    "18": 0.783801496,
    "19": 0.7839215398,
    "20": 0.7840816379,
    "21": 0.7873229384,
    "22": 0.7871308327,
    "23": 0.7851540446,
    "24": 0.7884994149,
    "25": 0.7900600433,
    "26": 0.7879952192
  },
  "get_f1": {
    "0": 0.4031241536,
    "1": 0.4425750971,
    "2": 0.5013689399,
    "3": 0.6860465407,
    "4": 0.7312917709,
    "5": 0.7457965016,
    "6": 0.7509236336,
    "7": 0.7576898336,
    "8": 0.7580329776,
    "9": 0.7623550296,
    "10": 0.7602158189,
    "11": 0.7656065226,
    "12": 0.7661687732,
    "13": 0.7675180435,
    "14": 0.7671929002,
    "15": 0.7694334984,
    "16": 0.7723146081,
    "17": 0.7725529075,
    "18": 0.7737726569,
    "19": 0.7738336921,
    "20": 0.7735977173,
    "21": 0.7781375051,
    "22": 0.7775745392,
    "23": 0.7756146789,
    "24": 0.7793864012,
    "25": 0.7810435295,
    "26": 0.7787575126
  },
  "val_loss": {
    "0": 0.2622033358,
    "1": 0.2582505047,
    "2": 0.2108529806,
    "3": 0.1818352193,
    "4": 0.1703443676,
    "5": 0.1647518575,
    "6": 0.1636625528,
    "7": 0.1631223261,
    "8": 0.1603887379,
    "9": 0.1597464234,
    "10": 0.161916554,
    "11": 0.1573255956,
    "12": 0.1566447616,
    "13": 0.1567222178,
    "14": 0.1566802263,
    "15": 0.1538627446,
    "16": 0.1537005305,
    "17": 0.1548627466,
    "18": 0.1543873399,
    "19": 0.1596674323,
    "20": 0.1528841853,
    "21": 0.1514955759,
    "22": 0.1539042443,
    "23": 0.1519336104,
    "24": 0.1514619291,
    "25": 0.1519891024,
    "26": 0.153779909
  },
  "val_accuracy": {
    "0": 0.4981859326,
    "1": 0.5030385256,
    "2": 0.6739228964,
    "3": 0.7375056744,
    "4": 0.7545124888,
    "5": 0.7641723156,
    "6": 0.7668480873,
    "7": 0.7687528133,
    "8": 0.7712925076,
    "9": 0.7739229202,
    "10": 0.7713832259,
    "11": 0.7768253684,
    "12": 0.7767347097,
    "13": 0.7785940766,
    "14": 0.7805895805,
    "15": 0.7830839157,
    "16": 0.7843537331,
    "17": 0.7807255983,
    "18": 0.7814058661,
    "19": 0.7754648328,
    "20": 0.7863945365,
    "21": 0.7873923182,
    "22": 0.781904757,
    "23": 0.7874829769,
    "24": 0.7869387865,
    "25": 0.78507936,
    "26": 0.7851247191
  },
  "val_get_f1": {
    "0": 0.4620527327,
    "1": 0.4516785145,
    "2": 0.633163929,
    "3": 0.71921134,
    "4": 0.7275448442,
    "5": 0.7462953329,
    "6": 0.7488663793,
    "7": 0.7515503168,
    "8": 0.7521572709,
    "9": 0.7595119476,
    "10": 0.7616412044,
    "11": 0.7626838684,
    "12": 0.7629352808,
    "13": 0.761819005,
    "14": 0.7652930617,
    "15": 0.7708752751,
    "16": 0.770819962,
    "17": 0.7684432864,
    "18": 0.7701566815,
    "19": 0.7691472769,
    "20": 0.7770697474,
    "21": 0.7779046893,
    "22": 0.7699499726,
    "23": 0.7764533758,
    "24": 0.7747102976,
    "25": 0.7745206356,
    "26": 0.7719382644
  }
}