{
  "loss": {
    "0": 0.2727180421,
    "1": 0.2628937066,
    "2": 0.2616585493,
    "3": 0.2602309883,
    "4": 0.2598170936,
    "5": 0.2588002384,
    "6": 0.2581723034,
    "7": 0.2577048242,
    "8": 0.2572586536,
    "9": 0.2570315897,
    "10": 0.2566154003,
    "11": 0.2560191154,
    "12": 0.2565128505
  },
  "accuracy": {
    "0": 0.4991339743,
    "1": 0.5007843375,
    "2": 0.5074019432,
    "3": 0.5118055344,
    "4": 0.5114133954,
    "5": 0.5145179629,
    "6": 0.517205894,
    "7": 0.5179003477,
    "8": 0.5195179582,
    "9": 0.5213970542,
    "10": 0.5210865736,
    "11": 0.5253921747,
    "12": 0.5243790746
  },
  "get_f1": {
    "0": 0.3976504505,
    "1": 0.4321887791,
    "2": 0.4404234588,
    "3": 0.4480392933,
    "4": 0.4492855966,
    "5": 0.4580673277,
    "6": 0.4641673267,
    "7": 0.4608803391,
    "8": 0.4679369628,
    "9": 0.4703287482,
    "10": 0.47293818,
    "11": 0.4780542254,
    "12": 0.4717945457
  },
  "val_loss": {
    "0": 0.2644858658,
    "1": 0.2626259327,
    "2": 0.2622981966,
    "3": 0.261606425,
    "4": 0.2619539499,
    "5": 0.2616636157,
    "6": 0.262198329,
    "7": 0.2635041177,
    "8": 0.260974437,
    "9": 0.260096401,
    "10": 0.2603552639,
    "11": 0.2606969178,
    "12": 0.2598800063
  },
  "val_accuracy": {
    "0": 0.4986574054,
    "1": 0.5018055439,
    "2": 0.5025925636,
    "3": 0.5012962818,
    "4": 0.5017592311,
    "5": 0.5091666579,
    "6": 0.4974536896,
    "7": 0.5059259534,
    "8": 0.5110648274,
    "9": 0.5020833611,
    "10": 0.5043518543,
    "11": 0.5141666532,
    "12": 0.5012962818
  },
  "val_get_f1": {
    "0": 0.4014922976,
    "1": 0.4181852341,
    "2": 0.4275033176,
    "3": 0.4109106958,
    "4": 0.3922792673,
    "5": 0.4961270392,
    "6": 0.3299571276,
    "7": 0.523722589,
    "8": 0.4822840393,
    "9": 0.426607132,
    "10": 0.4366140664,
    "11": 0.4640388191,
    "12": 0.4256175756
  }
}