{
  "loss": {
    "0": 0.2740749717,
    "1": 0.2563113868,
    "2": 0.1184677184,
    "3": 0.0731942877,
    "4": 0.0653894618,
    "5": 0.0630456358,
    "6": 0.0612161979,
    "7": 0.0603228509,
    "8": 0.0588859357,
    "9": 0.0582333505,
    "10": 0.0576613508,
    "11": 0.058037851,
    "12": 0.0573902503,
    "13": 0.0564878955,
    "14": 0.0562467836
  },
  "accuracy": {
    "0": 0.4967319369,
    "1": 0.5392090082,
    "2": 0.8523445129,
    "3": 0.9267998338,
    "4": 0.9381749034,
    "5": 0.9403694272,
    "6": 0.9434086084,
    "7": 0.9442295432,
    "8": 0.946116209,
    "9": 0.9475371242,
    "10": 0.9482317567,
    "11": 0.9474739432,
    "12": 0.9486975074,
    "13": 0.950899899,
    "14": 0.9501578808
  },
  "get_f1": {
    "0": 0.3946534097,
    "1": 0.4635702074,
    "2": 0.848567009,
    "3": 0.9275961518,
    "4": 0.9389682412,
    "5": 0.9411429167,
    "6": 0.9440852404,
    "7": 0.9449847937,
    "8": 0.9468289018,
    "9": 0.9481890798,
    "10": 0.9488623142,
    "11": 0.948151052,
    "12": 0.9493516684,
    "13": 0.9515045881,
    "14": 0.9507918358
  },
  "val_loss": {
    "0": 0.2626124024,
    "1": 0.2084868103,
    "2": 0.0915374309,
    "3": 0.0673829988,
    "4": 0.0652295947,
    "5": 0.0610612072,
    "6": 0.0604869314,
    "7": 0.0615362898,
    "8": 0.0580885857,
    "9": 0.0575003661,
    "10": 0.0585958809,
    "11": 0.057096269,
    "12": 0.0570953786,
    "13": 0.0558981784,
    "14": 0.0571227297
  },
  "val_accuracy": {
    "0": 0.5062175989,
    "1": 0.6763284802,
    "2": 0.8954643011,
    "3": 0.9360350966,
    "4": 0.9372875094,
    "5": 0.943728745,
    "6": 0.9458758235,
    "7": 0.944355011,
    "8": 0.9494095445,
    "9": 0.952317059,
    "10": 0.9427446723,
    "11": 0.9477097988,
    "12": 0.9486044049,
    "13": 0.9507067204,
    "14": 0.9460099936
  },
  "val_get_f1": {
    "0": 0.4449897707,
    "1": 0.677487433,
    "2": 0.8952875733,
    "3": 0.9364324808,
    "4": 0.9379672408,
    "5": 0.9437391758,
    "6": 0.946297586,
    "7": 0.9445700645,
    "8": 0.9500639439,
    "9": 0.9523687959,
    "10": 0.9443401098,
    "11": 0.9485407472,
    "12": 0.949078083,
    "13": 0.9513630867,
    "14": 0.9472900629
  }
}