{
  "loss": {
    "0": 0.0509683378,
    "1": 0.0131726805,
    "2": 0.0122339074,
    "3": 0.0119566079,
    "4": 0.0116367899,
    "5": 0.0115490472,
    "6": 0.0115615828,
    "7": 0.0114522027
  },
  "accuracy": {
    "0": 0.9394077659,
    "1": 0.9899719954,
    "2": 0.9900119901,
    "3": 0.9900119901,
    "4": 0.9900119901,
    "5": 0.9900119901,
    "6": 0.9900119901,
    "7": 0.9900119901
  },
  "get_f1": {
    "0": 0.9161047935,
    "1": 0.9899559617,
    "2": 0.9900009632,
    "3": 0.9900003076,
    "4": 0.9900069833,
    "5": 0.9899944067,
    "6": 0.9899921417,
    "7": 0.9899863005
  },
  "val_loss": {
    "0": 0.0147921797,
    "1": 0.0133197382,
    "2": 0.0127401939,
    "3": 0.0125425244,
    "4": 0.0124330521,
    "5": 0.0122973481,
    "6": 0.0122469282,
    "7": 0.0127769643
  },
  "val_accuracy": {
    "0": 0.9890249372,
    "1": 0.9891156554,
    "2": 0.9891156554,
    "3": 0.9891156554,
    "4": 0.9891156554,
    "5": 0.9891156554,
    "6": 0.9891156554,
    "7": 0.9891156554
  },
  "val_get_f1": {
    "0": 0.9894735813,
    "1": 0.989559412,
    "2": 0.989559412,
    "3": 0.989559412,
    "4": 0.9895595312,
    "5": 0.989559412,
    "6": 0.989559412,
    "7": 0.989559412
  }
}