{
  "loss": {
    "0": 0.0581328012,
    "1": 0.0132395197,
    "2": 0.0121409651,
    "3": 0.0116740474,
    "4": 0.0116797537,
    "5": 0.0113403453,
    "6": 0.0111585958
  },
  "accuracy": {
    "0": 0.9288115501,
    "1": 0.9901000261,
    "2": 0.9901400805,
    "3": 0.9901400805,
    "4": 0.9901400805,
    "5": 0.9901400805,
    "6": 0.9901400805
  },
  "get_f1": {
    "0": 0.8997425437,
    "1": 0.9900867343,
    "2": 0.9901324511,
    "3": 0.9901357293,
    "4": 0.9901371598,
    "5": 0.9901232719,
    "6": 0.9901154041
  },
  "val_loss": {
    "0": 0.0157340765,
    "1": 0.013673082,
    "2": 0.0130958417,
    "3": 0.0130690522,
    "4": 0.0126478514,
    "5": 0.0127243036,
    "6": 0.0128276879
  },
  "val_accuracy": {
    "0": 0.9882539511,
    "1": 0.9888888597,
    "2": 0.9888888597,
    "3": 0.9888888597,
    "4": 0.9888888597,
    "5": 0.9888888597,
    "6": 0.9888888597
  },
  "val_get_f1": {
    "0": 0.9887434244,
    "1": 0.9893514514,
    "2": 0.9893514514,
    "3": 0.9893514514,
    "4": 0.9893514514,
    "5": 0.9893514514,
    "6": 0.9893514514
  }
}