{
  "loss": {
    "0": 0.2702771127,
    "1": 0.2596530616,
    "2": 0.2496174276,
    "3": 0.1928814501,
    "4": 0.173110947,
    "5": 0.1669836938,
    "6": 0.1653866321,
    "7": 0.1630067378,
    "8": 0.1615573913,
    "9": 0.1603380889,
    "10": 0.1588546932,
    "11": 0.1581547111,
    "12": 0.1579492986,
    "13": 0.1565811038,
    "14": 0.1568676978,
    "15": 0.1558622718,
    "16": 0.1558603644,
    "17": 0.1547717005,
    "18": 0.154089123,
    "19": 0.153498143,
    "20": 0.1530967653,
    "21": 0.1532797813,
    "22": 0.1525357217,
    "23": 0.1517767608,
    "24": 0.1520667374,
    "25": 0.1513106525,
    "26": 0.1499339789,
    "27": 0.1498313099,
    "28": 0.1500689685,
    "29": 0.148734957,
    "30": 0.1491483748,
    "31": 0.1493813843,
    "32": 0.148902759,
    "33": 0.148146823,
    "34": 0.1474328637,
    "35": 0.1470117271,
    "36": 0.1480212808,
    "37": 0.1475538015,
    "38": 0.1464835256
  },
  "accuracy": {
    "0": 0.5004161596,
    "1": 0.5023289323,
    "2": 0.5418727398,
    "3": 0.7129411697,
    "4": 0.751660645,
    "5": 0.7630492449,
    "6": 0.7655302286,
    "7": 0.7692437172,
    "8": 0.771900773,
    "9": 0.7741176486,
    "10": 0.7765666246,
    "11": 0.7776390314,
    "12": 0.7778231502,
    "13": 0.7804161906,
    "14": 0.7797679305,
    "15": 0.7816406488,
    "16": 0.7821208239,
    "17": 0.782921195,
    "18": 0.7842977047,
    "19": 0.7856982946,
    "20": 0.7864906192,
    "21": 0.7858743668,
    "22": 0.7878511548,
    "23": 0.7883233428,
    "24": 0.7889716029,
    "25": 0.7891556621,
    "26": 0.791428566,
    "27": 0.7918687463,
    "28": 0.7926610708,
    "29": 0.7947739363,
    "30": 0.7927411199,
    "31": 0.7922608852,
    "32": 0.7932052612,
    "33": 0.7952700853,
    "34": 0.7956942916,
    "35": 0.7969908118,
    "36": 0.7957262993,
    "37": 0.7961184382,
    "38": 0.7982472777
  },
  "get_f1": {
    "0": 0.4026772678,
    "1": 0.4418534338,
    "2": 0.4921046197,
    "3": 0.6846800447,
    "4": 0.7346190214,
    "5": 0.7480674982,
    "6": 0.7516077161,
    "7": 0.756039381,
    "8": 0.7589479685,
    "9": 0.7620952725,
    "10": 0.7650895715,
    "11": 0.7662141919,
    "12": 0.7666271925,
    "13": 0.769618094,
    "14": 0.7687071562,
    "15": 0.7712114453,
    "16": 0.7712673545,
    "17": 0.7726615071,
    "18": 0.7741785645,
    "19": 0.7762363553,
    "20": 0.7766086459,
    "21": 0.7759894133,
    "22": 0.7780628204,
    "23": 0.778973639,
    "24": 0.7798503637,
    "25": 0.7798032165,
    "26": 0.7827055454,
    "27": 0.7832403779,
    "28": 0.7841209769,
    "29": 0.7861310244,
    "30": 0.7843287587,
    "31": 0.7833314538,
    "32": 0.7847480178,
    "33": 0.7870998979,
    "34": 0.787255764,
    "35": 0.788885355,
    "36": 0.7876679897,
    "37": 0.7876682281,
    "38": 0.7902900577
  },
  "val_loss": {
    "0": 0.2619557083,
    "1": 0.2589265704,
    "2": 0.2219608128,
    "3": 0.1748689562,
    "4": 0.1670786887,
    "5": 0.1617872119,
    "6": 0.1595591903,
    "7": 0.1571180522,
    "8": 0.1620718688,
    "9": 0.1566199809,
    "10": 0.1574918926,
    "11": 0.1581055969,
    "12": 0.1536670029,
    "13": 0.156187281,
    "14": 0.1530826986,
    "15": 0.1528711617,
    "16": 0.1531584412,
    "17": 0.1517727226,
    "18": 0.1527166069,
    "19": 0.149642095,
    "20": 0.1519686729,
    "21": 0.1509582996,
    "22": 0.1514715701,
    "23": 0.1485972404,
    "24": 0.1498205811,
    "25": 0.1473810822,
    "26": 0.1481971145,
    "27": 0.1495346427,
    "28": 0.1458553523,
    "29": 0.1489088684,
    "30": 0.1499619484,
    "31": 0.1491449922,
    "32": 0.1460391432,
    "33": 0.1444473416,
    "34": 0.1440772563,
    "35": 0.1443239748,
    "36": 0.1476588547,
    "37": 0.1457503587,
    "38": 0.1456492096
  },
  "val_accuracy": {
    "0": 0.4979138374,
    "1": 0.4999546409,
    "2": 0.6437641978,
    "3": 0.7497051954,
    "4": 0.7610884309,
    "5": 0.7728344798,
    "6": 0.7770521641,
    "7": 0.7780498862,
    "8": 0.7695237994,
    "9": 0.7785940766,
    "10": 0.7779138088,
    "11": 0.7773696184,
    "12": 0.784126997,
    "13": 0.779455781,
    "14": 0.786575973,
    "15": 0.7858503461,
    "16": 0.7841723561,
    "17": 0.7902494073,
    "18": 0.786575973,
    "19": 0.7914739251,
    "20": 0.7883900404,
    "21": 0.788253963,
    "22": 0.7894331217,
    "23": 0.7931519151,
    "24": 0.7885260582,
    "25": 0.7932426333,
    "26": 0.7948752642,
    "27": 0.7933333516,
    "28": 0.7975056767,
    "29": 0.7911564708,
    "30": 0.7909750342,
    "31": 0.7936961651,
    "32": 0.7965079546,
    "33": 0.8006349206,
    "34": 0.8000907302,
    "35": 0.8014059067,
    "36": 0.7949206233,
    "37": 0.7995464802,
    "38": 0.7973695993
  },
  "val_get_f1": {
    "0": 0.4960158467,
    "1": 0.4657675326,
    "2": 0.5833862424,
    "3": 0.7325560451,
    "4": 0.7378231287,
    "5": 0.7567715645,
    "6": 0.7623115182,
    "7": 0.7653822899,
    "8": 0.7545441985,
    "9": 0.7654712796,
    "10": 0.7625656724,
    "11": 0.7640184164,
    "12": 0.77051121,
    "13": 0.7628896236,
    "14": 0.7759540677,
    "15": 0.7705819607,
    "16": 0.771972239,
    "17": 0.7776375413,
    "18": 0.7766675353,
    "19": 0.7783088088,
    "20": 0.7771216035,
    "21": 0.7751864791,
    "22": 0.7791845798,
    "23": 0.7795163989,
    "24": 0.7723070383,
    "25": 0.7785818577,
    "26": 0.7827428579,
    "27": 0.7776702642,
    "28": 0.7849909663,
    "29": 0.7767754197,
    "30": 0.7791675925,
    "31": 0.7791565657,
    "32": 0.7844340205,
    "33": 0.7901657224,
    "34": 0.7880535126,
    "35": 0.7872719765,
    "36": 0.7848824859,
    "37": 0.7894688249,
    "38": 0.7871015072
  }
}