{"loss":{"0":0.2849686146,"1":0.2501176596,"2":0.2496136725,"3":0.2493043244,"4":0.2488423884,"5":0.2482091337,"6":0.2429067343,"7":0.2069630027,"8":0.156394884,"9":0.1356848329,"10":0.1250738055,"11":0.1129549518,"12":0.0983605087,"13":0.0820642859,"14":0.0736600012,"15":0.0637158006,"16":0.0587498359,"17":0.0550274663,"18":0.0527719222,"19":0.052329015,"20":0.0458246619,"21":0.0454021879,"22":0.0431747921,"23":0.0453473888,"24":0.0427253954,"25":0.0403841957,"26":0.0446645655,"27":0.0390650965,"28":0.0371853039},"accuracy":{"0":0.5065257549,"1":0.5258185267,"2":0.5457131267,"3":0.5499509573,"4":0.5578329563,"5":0.5591768622,"6":0.5759879351,"7":0.672121942,"8":0.7653537989,"9":0.7996355891,"10":0.8227786422,"11":0.8507201672,"12":0.8858346343,"13":0.9201906323,"14":0.9321620464,"15":0.9472746849,"16":0.9526667595,"17":0.9558327794,"18":0.9569870234,"19":0.9574652314,"20":0.9643743634,"21":0.9647041559,"22":0.9662871361,"23":0.9623214006,"24":0.9656770229,"25":0.9678371549,"26":0.9618020058,"27":0.9686946273,"28":0.970269382},"get_f1":{"0":0.5104957819,"1":0.5093692541,"2":0.5166524649,"3":0.5220404863,"4":0.5300951004,"5":0.5343625546,"6":0.5533795953,"7":0.6590283513,"8":0.7780159116,"9":0.8141005635,"10":0.8352345824,"11":0.8611496091,"12":0.8929439187,"13":0.9241143465,"14":0.9353541732,"15":0.9492998123,"16":0.9543518424,"17":0.9573135376,"18":0.9586021304,"19":0.9589781165,"20":0.9651662111,"21":0.9656469226,"22":0.9671980143,"23":0.9635703564,"24":0.9665043354,"25":0.9685943723,"26":0.9631351829,"27":0.9695112109,"28":0.9708997607},"val_loss":{"0":0.2503650486,"1":0.249967128,"2":0.2498218417,"3":0.2496904731,"4":0.2496616393,"5":0.2486281395,"6":0.2299584299,"7":0.1783283949,"8":0.1390451193,"9":0.1281316578,"10":0.1170271933,"11":0.1082988456,"12":0.0882957652,"13":0.078255415,"14":0.0707181841,"15":0.0590716079,"16":0.0538823269,"17":0.0514919907,"18":0.0636222884,"19":0.045044411,"20":0.0432556234,"21":0.0414670557,"22":0.0410064422,"23":0.050159514,"24":0.0396907143,"25":0.0381124467,"26":0.0390048586,"27":0.0359439217,"28":0.0351309255},"val_accuracy":{"0":0.5070778131,"1":0.5266993642,"2":0.5321654081,"3":0.5382387042,"4":0.5769212842,"5":0.5498715043,"6":0.6166783571,"7":0.7342677116,"8":0.7946741581,"9":0.8176594377,"10":0.8433076143,"11":0.8386825323,"12":0.9036206603,"13":0.9040878415,"14":0.9121700525,"15":0.954449892,"16":0.9554309845,"17":0.9614576101,"18":0.9495912194,"19":0.9672506452,"20":0.9726699591,"21":0.9721560478,"22":0.9640271068,"23":0.9748189449,"24":0.9733240008,"25":0.9678112864,"26":0.9663630128,"27":0.9722027779,"28":0.9740247726},"val_get_f1":{"0":0.4566365182,"1":0.4905122519,"2":0.4972016513,"3":0.5007358193,"4":0.5847772956,"5":0.5286878347,"6":0.5843892694,"7":0.7446269393,"8":0.808960557,"9":0.8305652738,"10":0.8536687493,"11":0.8557732105,"12":0.9095041752,"13":0.9110003114,"14":0.918407023,"15":0.9561239481,"16":0.9572689533,"17":0.9629305005,"18":0.9516015649,"19":0.9683198929,"20":0.9733889103,"21":0.9729319215,"22":0.9654293656,"23":0.9753251672,"24":0.9740709066,"25":0.9689668417,"26":0.9675816894,"27":0.9730198383,"28":0.9747123718}}