{"loss":{"0":0.2557002604,"1":0.2529397011,"2":0.2513325214,"3":0.2503280342,"4":0.2495038807,"5":0.2489129156,"6":0.2486093193,"7":0.2480883002,"8":0.2475102097,"9":0.2471016198,"10":0.2468840778,"11":0.2469849735,"12":0.2465716898,"13":0.246618405},"accuracy":{"0":0.4909245074,"1":0.5043306351,"2":0.5147637725,"3":0.5216491818,"4":0.526699245,"5":0.5309050083,"6":0.53410393,"7":0.5374336243,"8":0.5407197475,"9":0.5435817838,"10":0.5455954671,"11":0.5445410609,"12":0.5466815829,"13":0.5462930799},"get_f1":{"0":0.4431855977,"1":0.470801115,"2":0.4905365109,"3":0.5005578399,"4":0.5092902184,"5":0.5173763633,"6":0.5163753629,"7":0.5251151919,"8":0.5309951305,"9":0.5355502963,"10":0.5351774096,"11":0.5351060629,"12":0.539072454,"13":0.5331737399},"val_loss":{"0":0.2548164129,"1":0.2541653216,"2":0.2539942861,"3":0.2537241876,"4":0.2536800206,"5":0.2535588443,"6":0.2536557019,"7":0.2536690235,"8":0.2539363503,"9":0.2538660765,"10":0.2539494932,"11":0.2537862957,"12":0.2538279295,"13":0.2541103959},"val_accuracy":{"0":0.4949347377,"1":0.4983040988,"2":0.5009770989,"3":0.5005952716,"4":0.5001684427,"5":0.5005728006,"6":0.5049304962,"7":0.503739953,"8":0.503919661,"9":0.5012242198,"10":0.5013589859,"11":0.5030885935,"12":0.5027965307,"13":0.5042566061},"val_get_f1":{"0":0.4324123859,"1":0.4291020632,"2":0.4768065512,"3":0.4525130391,"4":0.4965819418,"5":0.4581515789,"6":0.4860365987,"7":0.4789524376,"8":0.5080527663,"9":0.4944390059,"10":0.4866634905,"11":0.4817943573,"12":0.4579071403,"13":0.5035784245}}