{
  "loss": {
    "0": 0.2674156129,
    "1": 0.2602215111,
    "2": 0.2550450265,
    "3": 0.2087721378,
    "4": 0.1476147324,
    "5": 0.1010449156,
    "6": 0.0830149278,
    "7": 0.074368082,
    "8": 0.0697744489,
    "9": 0.0693112016,
    "10": 0.0702894926,
    "11": 0.094305329,
    "12": 0.0820940584,
    "13": 0.0717988089
  },
  "accuracy": {
    "0": 0.4943279028,
    "1": 0.5000884533,
    "2": 0.5212448835,
    "3": 0.6717630625,
    "4": 0.8046591282,
    "5": 0.883544445,
    "6": 0.9118798375,
    "7": 0.9242886901,
    "8": 0.9310805202,
    "9": 0.9314442873,
    "10": 0.9301393628,
    "11": 0.9003554583,
    "12": 0.9126074314,
    "13": 0.9278030992
  },
  "get_f1": {
    "0": 0.4033774436,
    "1": 0.4307476878,
    "2": 0.4645277262,
    "3": 0.6379815936,
    "4": 0.789806664,
    "5": 0.8835044503,
    "6": 0.9122618437,
    "7": 0.9248084426,
    "8": 0.9316269159,
    "9": 0.9318963885,
    "10": 0.9251952171,
    "11": 0.8981776834,
    "12": 0.9119219184,
    "13": 0.9280570745
  },
  "val_loss": {
    "0": 0.2611224055,
    "1": 0.2599300444,
    "2": 0.2473815084,
    "3": 0.1481246054,
    "4": 0.1421267837,
    "5": 0.1064492613,
    "6": 0.0729416162,
    "7": 0.0663391724,
    "8": 0.0607098117,
    "9": 0.0625915751,
    "10": 0.318328619,
    "11": 0.0815757811,
    "12": 0.0703976452,
    "13": 0.0669549182
  },
  "val_accuracy": {
    "0": 0.5000851154,
    "1": 0.5017305017,
    "2": 0.5536832213,
    "3": 0.80136168,
    "4": 0.812217474,
    "5": 0.8756312132,
    "6": 0.9236501455,
    "7": 0.9371347427,
    "8": 0.9436596036,
    "9": 0.9384586215,
    "10": 0.5346761346,
    "11": 0.9126430154,
    "12": 0.9317635894,
    "13": 0.9371725917
  },
  "val_get_f1": {
    "0": 0.3732786775,
    "1": 0.3910962641,
    "2": 0.4753524065,
    "3": 0.7895980477,
    "4": 0.8109090328,
    "5": 0.8662576675,
    "6": 0.9256708622,
    "7": 0.9374108911,
    "8": 0.9445076585,
    "9": 0.9396469593,
    "10": 0.1875708252,
    "11": 0.9148502946,
    "12": 0.9317443371,
    "13": 0.9371875525
  }
}