{
  "loss": {
    "0": 0.2704873085,
    "1": 0.2595858574,
    "2": 0.2578503489,
    "3": 0.2567054927,
    "4": 0.2564924955,
    "5": 0.255967021,
    "6": 0.2551535666,
    "7": 0.2548743188,
    "8": 0.254886061,
    "9": 0.2528640032,
    "10": 0.2335389853,
    "11": 0.1733667105,
    "12": 0.1297797412,
    "13": 0.1145705208,
    "14": 0.1062694862,
    "15": 0.106968455,
    "16": 0.0920085981,
    "17": 0.0712953359,
    "18": 0.085409984,
    "19": 0.0668621957,
    "20": 0.260774821,
    "21": 0.1173732728,
    "22": 0.0818013102,
    "23": 0.0722904801
  },
  "accuracy": {
    "0": 0.5091049671,
    "1": 0.5171612501,
    "2": 0.5219995379,
    "3": 0.5246117711,
    "4": 0.5287837386,
    "5": 0.5273526907,
    "6": 0.5319638848,
    "7": 0.5326529145,
    "8": 0.5303435326,
    "9": 0.5391872525,
    "10": 0.6105579734,
    "11": 0.761719048,
    "12": 0.8390638232,
    "13": 0.8621650338,
    "14": 0.8735377192,
    "15": 0.8774977326,
    "16": 0.8911418915,
    "17": 0.9207168818,
    "18": 0.9027947187,
    "19": 0.9248964787,
    "20": 0.5987915397,
    "21": 0.856539309,
    "22": 0.9099196792,
    "23": 0.9219510555
  },
  "get_f1": {
    "0": 0.408509016,
    "1": 0.4503042698,
    "2": 0.4596303999,
    "3": 0.469748944,
    "4": 0.4732464552,
    "5": 0.4729193151,
    "6": 0.4806283712,
    "7": 0.4754374027,
    "8": 0.4750222564,
    "9": 0.4925066233,
    "10": 0.5605971217,
    "11": 0.7416329384,
    "12": 0.832795918,
    "13": 0.8553454876,
    "14": 0.8630734086,
    "15": 0.8728722334,
    "16": 0.8857924342,
    "17": 0.9198815227,
    "18": 0.9003227353,
    "19": 0.9242885113,
    "20": 0.4993338883,
    "21": 0.8524450064,
    "22": 0.9089381695,
    "23": 0.9210766554
  },
  "val_loss": {
    "0": 0.2617856264,
    "1": 0.2580104172,
    "2": 0.2576144934,
    "3": 0.2569654584,
    "4": 0.2571997046,
    "5": 0.2557622194,
    "6": 0.2588405609,
    "7": 0.2559022009,
    "8": 0.2552736998,
    "9": 0.2505137026,
    "10": 0.2149269432,
    "11": 0.1234556288,
    "12": 0.1455689371,
    "13": 0.0847599953,
    "14": 0.0825505257,
    "15": 0.1134012938,
    "16": 0.0970441252,
    "17": 0.0595534965,
    "18": 0.0602104664,
    "19": 0.2635748982,
    "20": 0.1863859892,
    "21": 0.1193004102,
    "22": 0.0952907875,
    "23": 0.0835251957
  },
  "val_accuracy": {
    "0": 0.5089029074,
    "1": 0.5229330063,
    "2": 0.5224610567,
    "3": 0.5173981786,
    "4": 0.5159394145,
    "5": 0.5344746113,
    "6": 0.5469601154,
    "7": 0.5279529691,
    "8": 0.5320290327,
    "9": 0.5450723171,
    "10": 0.6584287882,
    "11": 0.8542069197,
    "12": 0.8116874695,
    "13": 0.901016891,
    "14": 0.9085253477,
    "15": 0.8510747552,
    "16": 0.8895610571,
    "17": 0.9320375919,
    "18": 0.9336680174,
    "19": 0.5441283584,
    "20": 0.7322263718,
    "21": 0.8639464378,
    "22": 0.8946239352,
    "23": 0.9137169123
  },
  "val_get_f1": {
    "0": 0.3677543402,
    "1": 0.4743422568,
    "2": 0.4925748408,
    "3": 0.4346831739,
    "4": 0.3933245242,
    "5": 0.4923149049,
    "6": 0.5880334377,
    "7": 0.4766305685,
    "8": 0.51794523,
    "9": 0.5258844495,
    "10": 0.6073709726,
    "11": 0.8473165035,
    "12": 0.803475678,
    "13": 0.8994448781,
    "14": 0.9077709317,
    "15": 0.8478721976,
    "16": 0.8875472546,
    "17": 0.9315872192,
    "18": 0.9326969981,
    "19": 0.2046100944,
    "20": 0.7064388394,
    "21": 0.8659674525,
    "22": 0.8937280178,
    "23": 0.9140596986
  }
}