{
  "loss": {
    "0": 0.2717184424,
    "1": 0.1995145082,
    "2": 0.0754668862,
    "3": 0.0636360943,
    "4": 0.0593966246,
    "5": 0.0568515584,
    "6": 0.0555966385,
    "7": 0.0536555201,
    "8": 0.0536857061,
    "9": 0.0532732084,
    "10": 0.0528916493,
    "11": 0.052518636,
    "12": 0.0520508215,
    "13": 0.0516160205,
    "14": 0.0512740277,
    "15": 0.0515238903,
    "16": 0.0512158908,
    "17": 0.0511492491,
    "18": 0.0504593924,
    "19": 0.049986124,
    "20": 0.0499105006
  },
  "accuracy": {
    "0": 0.4992907941,
    "1": 0.6658489704,
    "2": 0.9209344983,
    "3": 0.9389737248,
    "4": 0.9458490014,
    "5": 0.9495202303,
    "6": 0.9516144991,
    "7": 0.9545348287,
    "8": 0.9538589716,
    "9": 0.9546850324,
    "10": 0.955252409,
    "11": 0.956320405,
    "12": 0.9567876458,
    "13": 0.9573466778,
    "14": 0.95778054,
    "15": 0.9572131634,
    "16": 0.9579641223,
    "17": 0.9582978487,
    "18": 0.959349215,
    "19": 0.9601251483,
    "20": 0.9603254199
  },
  "get_f1": {
    "0": 0.391838491,
    "1": 0.6249181032,
    "2": 0.921767056,
    "3": 0.939778626,
    "4": 0.9465472698,
    "5": 0.9502176642,
    "6": 0.9522639513,
    "7": 0.9551199675,
    "8": 0.9544641972,
    "9": 0.9553139806,
    "10": 0.95584023,
    "11": 0.9568956494,
    "12": 0.9573447108,
    "13": 0.9578616023,
    "14": 0.9583432078,
    "15": 0.9577369094,
    "16": 0.9585001469,
    "17": 0.9588393569,
    "18": 0.9598689675,
    "19": 0.9606646299,
    "20": 0.960814774
  },
  "val_loss": {
    "0": 0.2623962164,
    "1": 0.0950207114,
    "2": 0.0667181239,
    "3": 0.0692825317,
    "4": 0.0583777465,
    "5": 0.0558187179,
    "6": 0.0557059236,
    "7": 0.0570475161,
    "8": 0.0538312756,
    "9": 0.060274858,
    "10": 0.0539492257,
    "11": 0.0523019992,
    "12": 0.0522567257,
    "13": 0.0537916645,
    "14": 0.0542737059,
    "15": 0.0518562198,
    "16": 0.0538584217,
    "17": 0.0551459603,
    "18": 0.0546702147,
    "19": 0.0510907471,
    "20": 0.051739499
  },
  "val_accuracy": {
    "0": 0.5030260086,
    "1": 0.8873758912,
    "2": 0.9297399521,
    "3": 0.9227895737,
    "4": 0.9505437613,
    "5": 0.9539006948,
    "6": 0.949503541,
    "7": 0.9464775324,
    "8": 0.9557919502,
    "9": 0.9440189004,
    "10": 0.9561702013,
    "11": 0.9562647939,
    "12": 0.9539952874,
    "13": 0.9512056708,
    "14": 0.9522931576,
    "15": 0.9577777982,
    "16": 0.9509692788,
    "17": 0.9522931576,
    "18": 0.949409008,
    "19": 0.9569267035,
    "20": 0.9548463225
  },
  "val_get_f1": {
    "0": 0.3567729294,
    "1": 0.8895210624,
    "2": 0.9302520752,
    "3": 0.9250783324,
    "4": 0.9506281018,
    "5": 0.952755332,
    "6": 0.9492869973,
    "7": 0.9459764957,
    "8": 0.9549760222,
    "9": 0.9438505769,
    "10": 0.9551482797,
    "11": 0.9559560418,
    "12": 0.9532977939,
    "13": 0.9514384866,
    "14": 0.9525080323,
    "15": 0.9572103024,
    "16": 0.9508361816,
    "17": 0.9521499276,
    "18": 0.9499429464,
    "19": 0.9563963413,
    "20": 0.9546989202
  }
}