{"loss":{"0":0.2688513696,"1":0.2492577732,"2":0.1961807162,"3":0.1270302683,"4":0.0995160341,"5":0.0799924582,"6":0.0703665316,"7":0.0576789379,"8":0.0530429967,"9":0.0554950237,"10":0.0470908172,"11":0.0476626977,"12":0.0448514931,"13":0.0477093384,"14":0.0505386665,"15":0.0429199859,"16":0.0424940623},"accuracy":{"0":0.4922586977,"1":0.5185062289,"2":0.7018244863,"3":0.8409609795,"4":0.8988773227,"5":0.934758842,"6":0.9450144172,"7":0.9586496949,"8":0.9611488581,"9":0.9555851221,"10":0.9650723338,"11":0.9632465839,"12":0.965775907,"13":0.9636048079,"14":0.9590424895,"15":0.9674679041,"16":0.9673600197},"get_f1":{"0":0.4706642926,"1":0.499571234,"2":0.7063956261,"3":0.8535475135,"4":0.9057174921,"5":0.9380915165,"6":0.9476605654,"7":0.960092783,"8":0.9624527693,"9":0.9576175809,"10":0.9661420584,"11":0.9645645618,"12":0.9668778181,"13":0.9647926688,"14":0.9608713984,"15":0.968437016,"16":0.9683520198},"val_loss":{"0":0.2505824566,"1":0.2430270612,"2":0.1505728513,"3":0.1148811802,"4":0.0907009766,"5":0.0701883584,"6":0.0611009859,"7":0.0578323081,"8":0.0515136793,"9":0.0500248633,"10":0.0459700152,"11":0.0460234545,"12":0.0504304953,"13":0.0450471863,"14":0.0451226942,"15":0.042358961,"16":0.0411651954},"val_accuracy":{"0":0.5030940175,"1":0.5729974508,"2":0.7778158188,"3":0.8887122273,"4":0.8953650594,"5":0.9499082565,"6":0.9647058845,"7":0.9454567432,"8":0.9571236372,"9":0.9728996158,"10":0.9719701409,"11":0.9757612944,"12":0.9665892124,"13":0.9624311924,"14":0.9751008749,"15":0.9727039337,"16":0.9645835757},"val_get_f1":{"0":0.4681402445,"1":0.5845951438,"2":0.799957633,"3":0.8937955499,"4":0.9035944343,"5":0.9517610073,"6":0.9656190872,"7":0.9480375051,"8":0.9587395787,"9":0.9734742641,"10":0.9726244211,"11":0.976230979,"12":0.9675355554,"13":0.9637076855,"14":0.9756239057,"15":0.9733529687,"16":0.9657213092}}