{"loss":{"0":0.2558276951,"1":0.2531138957,"2":0.2515865266,"3":0.2496838719,"4":0.2434010655,"5":0.2267071903,"6":0.2165085971,"7":0.2113405913,"8":0.2078783363,"9":0.2058928609,"10":0.2042582929,"11":0.203045845,"12":0.2019978464,"13":0.2008132488,"14":0.2001923174,"15":0.1994379908,"16":0.1987992227,"17":0.1979488432,"18":0.1966643929,"19":0.1949325055,"20":0.1925453991,"21":0.1902589053,"22":0.1876186877,"23":0.1855891496,"24":0.1833761185,"25":0.1807909757,"26":0.1780336648,"27":0.175820604,"28":0.1724264622,"29":0.1707071215,"30":0.1691076905,"31":0.1664477438,"32":0.1640502065,"33":0.1618867069,"34":0.160868898,"35":0.1608656794,"36":0.1580074877,"37":0.1584448665,"38":0.1577402055,"39":0.1556658,"40":0.1546652764,"41":0.1562066078,"42":0.1553256363,"43":0.1525292546,"44":0.1512195915},"accuracy":{"0":0.4924704731,"1":0.5069428682,"2":0.5165396333,"3":0.5293233991,"4":0.5654628277,"5":0.6344000101,"6":0.6641733646,"7":0.6767351031,"8":0.6837711334,"9":0.6896457672,"10":0.6924799681,"11":0.69575423,"12":0.6977639198,"13":0.7008518577,"14":0.7026594281,"15":0.7040388584,"16":0.7048950791,"17":0.7067145705,"18":0.7096399665,"19":0.7120936513,"20":0.7174727321,"21":0.7219282389,"22":0.7268475294,"23":0.7311602831,"24":0.735167861,"25":0.7400078773,"26":0.7459260225,"27":0.7494777441,"28":0.7559429407,"29":0.7588564754,"30":0.7611952424,"31":0.7659916282,"32":0.7700824142,"33":0.7748351693,"34":0.7750809789,"35":0.7738996744,"36":0.7807177305,"37":0.7788229585,"38":0.7798615098,"39":0.7833616734,"40":0.7844993472,"41":0.7809436321,"42":0.7831634879,"43":0.7879558802,"44":0.7902867198},"get_f1":{"0":0.4421339333,"1":0.4710201323,"2":0.4888688028,"3":0.5060557127,"4":0.5361138582,"5":0.5916226506,"6":0.6250003576,"7":0.6415179372,"8":0.6508440375,"9":0.6587200761,"10":0.6623240709,"11":0.6666989326,"12":0.6694937944,"13":0.6723330021,"14":0.6759727597,"15":0.6773793697,"16":0.6783829927,"17":0.6798335314,"18":0.6840545535,"19":0.6876661777,"20":0.6943163276,"21":0.6996936798,"22":0.7059000731,"23":0.7110081315,"24":0.7160104513,"25":0.7216928005,"26":0.728682816,"27":0.7325102687,"28":0.7401207089,"29":0.7437724471,"30":0.7459747791,"31":0.751743257,"32":0.7569898367,"33":0.7624881864,"34":0.7630932331,"35":0.7613169551,"36":0.7695851922,"37":0.7674087882,"38":0.7687904239,"39":0.7731538415,"40":0.7741191983,"41":0.7704255581,"42":0.7729095221,"43":0.7785784006,"44":0.7814731598},"val_loss":{"0":0.254060775,"1":0.25387609,"2":0.2534859478,"3":0.25212726,"4":0.2377257496,"5":0.2240727991,"6":0.2153485566,"7":0.2116036266,"8":0.2096590996,"9":0.2082211673,"10":0.207062766,"11":0.2089084387,"12":0.2057877481,"13":0.2067912668,"14":0.2036912739,"15":0.2031495422,"16":0.2037336081,"17":0.203423664,"18":0.2022968829,"19":0.199326098,"20":0.1963933855,"21":0.1956803203,"22":0.1918322444,"23":0.1884929538,"24":0.1862645745,"25":0.1831612736,"26":0.1809143126,"27":0.1782057434,"28":0.1758363247,"29":0.1731173843,"30":0.1706528366,"31":0.1713016778,"32":0.1664830297,"33":0.1644347012,"34":0.1640997678,"35":0.1638422608,"36":0.1613454372,"37":0.1606455594,"38":0.1618506461,"39":0.1578575522,"40":0.1605381817,"41":0.1714280695,"42":0.166863203,"43":0.1595147103,"44":0.1602452099},"val_accuracy":{"0":0.4994496703,"1":0.5012691021,"2":0.5082100034,"3":0.514454484,"4":0.5928704739,"5":0.6434331536,"6":0.6671533585,"7":0.6777331233,"8":0.682405293,"9":0.6858195662,"10":0.6860441566,"11":0.6837979555,"12":0.690109849,"13":0.6883352995,"14":0.6952537298,"15":0.69570297,"16":0.6945798397,"17":0.695163846,"18":0.6988027692,"19":0.7040140033,"20":0.7085963488,"21":0.7095846534,"22":0.7205687165,"23":0.7264314294,"24":0.7314629555,"25":0.736382246,"26":0.7409645319,"27":0.7473663092,"28":0.7514544129,"29":0.7566207647,"30":0.7588220835,"31":0.7551158071,"32":0.7675599456,"33":0.7719175816,"34":0.7733776569,"35":0.7721197605,"36":0.7741638422,"37":0.7773984075,"38":0.7720524073,"39":0.7792403102,"40":0.7724791765,"41":0.7519261241,"42":0.7618095875,"43":0.7771962285,"44":0.775983274},"val_get_f1":{"0":0.4446648955,"1":0.435821265,"2":0.4929567873,"3":0.4559952915,"4":0.5541697145,"5":0.5981778502,"6":0.6290254593,"7":0.6419118047,"8":0.6518916488,"9":0.6514239311,"10":0.6528345942,"11":0.6549787521,"12":0.6563845277,"13":0.6586365104,"14":0.6633208394,"15":0.666321218,"16":0.6643605828,"17":0.663282156,"18":0.6734551787,"19":0.6808414459,"20":0.6821442246,"21":0.6792237163,"22":0.703666985,"23":0.7047907114,"24":0.7113448977,"25":0.7152619362,"26":0.7233822942,"27":0.7267456651,"28":0.7266520858,"29":0.7425390482,"30":0.7501183152,"31":0.7516962886,"32":0.7562788129,"33":0.7599616051,"34":0.7546986938,"35":0.7512694597,"36":0.7681939006,"37":0.7596991062,"38":0.7701146603,"39":0.7732682824,"40":0.7715212703,"41":0.7119272947,"42":0.7284560204,"43":0.7568403482,"44":0.750464797}}