{
  "loss": {
    "0": 0.0515868887,
    "1": 0.0140738878,
    "2": 0.0123217627,
    "3": 0.0118812341,
    "4": 0.0117561258,
    "5": 0.0117150983,
    "6": 0.0115466202
  },
  "accuracy": {
    "0": 0.9401552081,
    "1": 0.9890277982,
    "2": 0.9899427891,
    "3": 0.9899427891,
    "4": 0.9899427891,
    "5": 0.9899427891,
    "6": 0.9899427891
  },
  "get_f1": {
    "0": 0.9241669774,
    "1": 0.9890093803,
    "2": 0.9899548292,
    "3": 0.9899474382,
    "4": 0.9898623824,
    "5": 0.9899321198,
    "6": 0.9899352789
  },
  "val_loss": {
    "0": 0.0169909839,
    "1": 0.0127424551,
    "2": 0.0121947611,
    "3": 0.0119830407,
    "4": 0.0123696197,
    "5": 0.0116590206,
    "6": 0.0115830898
  },
  "val_accuracy": {
    "0": 0.9810647964,
    "1": 0.9896296263,
    "2": 0.9896296263,
    "3": 0.9896296263,
    "4": 0.9896296263,
    "5": 0.9896296263,
    "6": 0.9896296263
  },
  "val_get_f1": {
    "0": 0.9812213778,
    "1": 0.989787817,
    "2": 0.989787817,
    "3": 0.989787817,
    "4": 0.989787817,
    "5": 0.989787817,
    "6": 0.989787817
  }
}