{"loss":{"0":0.253972888,"1":0.2507219911,"2":0.2492168993,"3":0.2478877157,"4":0.2468234897,"5":0.2460125834,"6":0.245009467,"7":0.2426176071,"8":0.2121924013,"9":0.1774426848,"10":0.1551201046,"11":0.1287044585,"12":0.1102826968,"13":0.0977282301,"14":0.0851344094,"15":0.076211527,"16":0.0674439967,"17":0.0632671788,"18":0.0592295565,"19":0.0569891557,"20":0.0547533669,"21":0.0538602434,"22":0.0517993085,"23":0.050908491,"24":0.049533885,"25":0.0493735112,"26":0.0474779084,"27":0.0470367558,"28":0.0467265658,"29":0.0456628874,"30":0.0457843244,"31":0.0458464101,"32":0.0442275107,"33":0.0440768376,"34":0.0431967899},"accuracy":{"0":0.5166538954,"1":0.5424355268,"2":0.5501283407,"3":0.5590856671,"4":0.5690499544,"5":0.5710791945,"6":0.5781132579,"7":0.5844583511,"8":0.6741752625,"9":0.7425475717,"10":0.7798229456,"11":0.8255938292,"12":0.8575917482,"13":0.8793906569,"14":0.898501575,"15":0.9125546217,"16":0.9241165519,"17":0.9300830364,"18":0.9352166653,"19":0.9380333424,"20":0.9407591224,"21":0.9423491955,"22":0.944673717,"23":0.9457034469,"24":0.9473389387,"25":0.9475433826,"26":0.9493681192,"27":0.9500722885,"28":0.950768888,"29":0.9514503479,"30":0.9517380595,"31":0.9520561099,"32":0.9530555606,"33":0.9531463981,"34":0.9542821646},"get_f1":{"0":0.4692329764,"1":0.5063163638,"2":0.5194452405,"3":0.5315128565,"4":0.5432337523,"5":0.5502640605,"6":0.5592506528,"7":0.5622689128,"8":0.6458547115,"9":0.7194284201,"10":0.7640100718,"11":0.8172739148,"12":0.8535006046,"13":0.8765804172,"14":0.8970746994,"15":0.9117470384,"16":0.9232000113,"17":0.9295751452,"18":0.9347760081,"19":0.9374119043,"20":0.9402018785,"21":0.9420107007,"22":0.9443075657,"23":0.9452961087,"24":0.9468206167,"25":0.947555244,"26":0.9487393498,"27":0.9497866631,"28":0.9505465627,"29":0.9510099888,"30":0.9516917467,"31":0.9519677162,"32":0.9528197646,"33":0.9532051682,"34":0.9541288614},"val_loss":{"0":0.2526974976,"1":0.2523339093,"2":0.2515530884,"3":0.2511986196,"4":0.2508445978,"5":0.2504964471,"6":0.2497622222,"7":0.2430829853,"8":0.185525313,"9":0.173696354,"10":0.1403177083,"11":0.1184320226,"12":0.1056691185,"13":0.0906127691,"14":0.0812787414,"15":0.0741260648,"16":0.0711840913,"17":0.062387906,"18":0.0619827807,"19":0.0599576943,"20":0.0636587366,"21":0.0578812398,"22":0.0673435405,"23":0.0565992817,"24":0.0543208718,"25":0.0516856499,"26":0.0525657311,"27":0.0552561618,"28":0.0485965647,"29":0.0502778739,"30":0.0468339808,"31":0.0492278263,"32":0.0506865866,"33":0.050420329,"34":0.0499871299},"val_accuracy":{"0":0.5213884115,"1":0.530570209,"2":0.5321577191,"3":0.5390655398,"4":0.5476895571,"5":0.5503496528,"6":0.5558415651,"7":0.5707727075,"8":0.7298236489,"9":0.749646008,"10":0.8019908071,"11":0.8443815112,"12":0.8640751839,"13":0.8913202286,"14":0.9062513113,"15":0.9130304456,"16":0.9113571048,"17":0.9282618761,"18":0.9324237108,"19":0.933496356,"20":0.9416484237,"21":0.9425494671,"22":0.9328098893,"23":0.941562593,"24":0.9464538693,"25":0.941691339,"26":0.9476122856,"27":0.9479555488,"28":0.9484274983,"29":0.9506586194,"30":0.9495430589,"31":0.947655201,"32":0.9479555488,"33":0.9452953935,"34":0.9420774579},"val_get_f1":{"0":0.4627420604,"1":0.4837366641,"2":0.4881134927,"3":0.5013298988,"4":0.5220662951,"5":0.5274620652,"6":0.5394290686,"7":0.5301982164,"8":0.7004352212,"9":0.7252320647,"10":0.788382113,"11":0.83669734,"12":0.8592815995,"13":0.8888358474,"14":0.9045472741,"15":0.9116829038,"16":0.9109711647,"17":0.9275643229,"18":0.9319497943,"19":0.9331288934,"20":0.9405429959,"21":0.9416534305,"22":0.9326021075,"23":0.9408621788,"24":0.945797205,"25":0.9412410855,"26":0.9469518065,"27":0.9473261237,"28":0.9480107427,"29":0.9502493739,"30":0.9491055608,"31":0.9471363425,"32":0.9474089742,"33":0.944914639,"34":0.9415709972}}