{"loss":{"0":0.2712025046,"1":0.2539423704,"2":0.1397971213,"3":0.10711243,"4":0.0987062752,"5":0.0952510387,"6":0.0931336582,"7":0.0937014744,"8":0.0919106826,"9":0.0908907354,"10":0.0900256559,"11":0.0898236707,"12":0.089546293,"13":0.0884698331,"14":0.0883496478,"15":0.0877370462,"16":0.0879217833,"17":0.0865767151,"18":0.0870069638,"19":0.0862017646,"20":0.0858776197,"21":0.0861821696,"22":0.0859272406,"23":0.0853396133,"24":0.0850689262,"25":0.0844454393,"26":0.0840117782,"27":0.0858908594,"28":0.0835197121,"29":0.0839406401,"30":0.0833883509},"accuracy":{"0":0.499959141,"1":0.5322957635,"2":0.8133741617,"3":0.8705228567,"4":0.883513093,"5":0.8900081515,"6":0.8931781054,"7":0.8912990093,"8":0.8943055272,"9":0.896748364,"10":0.8972058892,"11":0.8972876072,"12":0.8983741999,"13":0.8996568918,"14":0.8995915055,"15":0.9012173414,"16":0.9007353187,"17":0.9025898576,"18":0.9024264812,"19":0.9038317204,"20":0.9045343399,"21":0.9040032625,"22":0.9041748643,"23":0.9050408602,"24":0.9060130715,"25":0.9067238569,"26":0.9075490236,"27":0.904158473,"28":0.9084313512,"29":0.9078267813,"30":0.9086846113},"get_f1":{"0":0.398399502,"1":0.466394335,"2":0.8063399196,"3":0.8698061109,"4":0.8833028078,"5":0.8900623918,"6":0.893253386,"7":0.8914529681,"8":0.894583106,"9":0.8971359134,"10":0.8974679708,"11":0.8974687457,"12":0.8986251354,"13":0.9000158906,"14":0.8999700546,"15":0.9015828371,"16":0.9009454846,"17":0.9030942321,"18":0.9026637673,"19":0.9043301344,"20":0.9048579335,"21":0.9044870138,"22":0.904640913,"23":0.9054920673,"24":0.906381309,"25":0.9071651697,"26":0.9080634117,"27":0.9045882821,"28":0.908970654,"29":0.9081691504,"30":0.9090636969},"val_loss":{"0":0.2612210512,"1":0.1995676011,"2":0.1139829531,"3":0.1018176973,"4":0.0967519209,"5":0.0930606499,"6":0.1021757349,"7":0.0963824838,"8":0.090336442,"9":0.0987358242,"10":0.0917176753,"11":0.0896736458,"12":0.0904914662,"13":0.088205263,"14":0.0914632156,"15":0.0935953408,"16":0.0881913677,"17":0.0899958834,"18":0.0860448182,"19":0.0863379091,"20":0.0936899334,"21":0.0868861899,"22":0.0860604495,"23":0.0899719894,"24":0.0873661935,"25":0.0854768008,"26":0.0849446878,"27":0.0849013552,"28":0.0865041167,"29":0.0870676041,"30":0.0842771009},"val_accuracy":{"0":0.5032870173,"1":0.7042592764,"2":0.8566203713,"3":0.8784258962,"4":0.8879629374,"5":0.8921759129,"6":0.8742592335,"7":0.8831481338,"8":0.8957870603,"9":0.8797222376,"10":0.8915277719,"11":0.8994907141,"12":0.8956481218,"13":0.8983796239,"14":0.8945370317,"15":0.8889814615,"16":0.899305582,"17":0.8963888884,"18":0.9043055773,"19":0.9041203856,"20":0.8887500167,"21":0.9016666412,"22":0.9054629803,"23":0.8959259391,"24":0.9008333087,"25":0.9071758986,"26":0.9066666961,"27":0.9049999714,"28":0.9012963176,"29":0.9007407427,"30":0.906157434},"val_get_f1":{"0":0.4471905529,"1":0.6996145844,"2":0.8570373654,"3":0.8773243427,"4":0.8870820403,"5":0.8920266628,"6":0.8724938035,"7":0.8840423822,"8":0.8967680335,"9":0.8789191842,"10":0.891184032,"11":0.8978251815,"12":0.8960877061,"13":0.8992116451,"14":0.8957364559,"15":0.891089201,"16":0.9000902772,"17":0.8976940513,"18":0.9053252935,"19":0.9049631357,"20":0.8891068101,"21":0.9023778439,"22":0.906234324,"23":0.8988311887,"24":0.9013138413,"25":0.9071552753,"26":0.9059507847,"27":0.9050953388,"28":0.9020493031,"29":0.9019604325,"30":0.9066326022}}