{
  "loss": {
    "0": 0.2718462944,
    "1": 0.2613176405,
    "2": 0.2594103217,
    "3": 0.2582233548,
    "4": 0.2575806975,
    "5": 0.2468945384,
    "6": 0.067228891,
    "7": 0.0200183336,
    "8": 0.0638369471,
    "9": 0.0373414308,
    "10": 0.0182257723,
    "11": 0.0175007228,
    "12": 0.035452731,
    "13": 0.0252286997,
    "14": 0.015838379,
    "15": 0.0136597035,
    "16": 0.0183236413,
    "17": 0.0081446534,
    "18": 0.0066767866,
    "19": 0.0062462385,
    "20": 0.0057490114,
    "21": 0.0139432354,
    "22": 0.0105794761,
    "23": 0.008930264,
    "24": 0.007219282,
    "25": 0.0066734632
  },
  "accuracy": {
    "0": 0.4997413456,
    "1": 0.504347086,
    "2": 0.5066165924,
    "3": 0.5094034076,
    "4": 0.5115477443,
    "5": 0.5515561104,
    "6": 0.9310972095,
    "7": 0.9821026325,
    "8": 0.9299708009,
    "9": 0.965298295,
    "10": 0.9841969013,
    "11": 0.9837296605,
    "12": 0.9659741521,
    "13": 0.97390908,
    "14": 0.9828118682,
    "15": 0.9852398634,
    "16": 0.9811764956,
    "17": 0.9916979671,
    "18": 0.9929161668,
    "19": 0.9933416843,
    "20": 0.9936587214,
    "21": 0.9865999222,
    "22": 0.9887025356,
    "23": 0.9905632138,
    "24": 0.9925072789,
    "25": 0.9929912686
  },
  "get_f1": {
    "0": 0.396895051,
    "1": 0.4285877049,
    "2": 0.4425501227,
    "3": 0.4480346441,
    "4": 0.4538818896,
    "5": 0.5000990629,
    "6": 0.9307058454,
    "7": 0.9820848107,
    "8": 0.9247810841,
    "9": 0.9655581713,
    "10": 0.9842131734,
    "11": 0.9837839603,
    "12": 0.9660339355,
    "13": 0.9739417434,
    "14": 0.9828129411,
    "15": 0.9852494597,
    "16": 0.9814489484,
    "17": 0.9916866422,
    "18": 0.9929085374,
    "19": 0.9933479428,
    "20": 0.9936580062,
    "21": 0.9866665602,
    "22": 0.9887173176,
    "23": 0.9905885458,
    "24": 0.9925063848,
    "25": 0.9929891229
  },
  "val_loss": {
    "0": 0.2632834017,
    "1": 0.2604090273,
    "2": 0.2589379847,
    "3": 0.259372592,
    "4": 0.2577654421,
    "5": 0.1618669629,
    "6": 0.027283486,
    "7": 0.0157613978,
    "8": 0.0402748175,
    "9": 0.0278717112,
    "10": 0.0137099363,
    "11": 0.0141281867,
    "12": 0.0361687988,
    "13": 0.0266199689,
    "14": 0.0404225923,
    "15": 0.0116215618,
    "16": 0.0084111867,
    "17": 0.0071424912,
    "18": 0.0059236204,
    "19": 0.005556637,
    "20": 0.0054111946,
    "21": 0.0117912265,
    "22": 0.0074279178,
    "23": 0.0089728879,
    "24": 0.0065104086,
    "25": 0.0056832768
  },
  "val_accuracy": {
    "0": 0.5021276474,
    "1": 0.502695024,
    "2": 0.5047281384,
    "3": 0.4991962314,
    "4": 0.5019857883,
    "5": 0.7816548347,
    "6": 0.9764539003,
    "7": 0.985248208,
    "8": 0.959810853,
    "9": 0.9809456468,
    "10": 0.9866194129,
    "11": 0.9860520363,
    "12": 0.9649645686,
    "13": 0.9719621539,
    "14": 0.9547517896,
    "15": 0.9870449305,
    "16": 0.9918203354,
    "17": 0.9932860732,
    "18": 0.9939952493,
    "19": 0.9943262339,
    "20": 0.9944208264,
    "21": 0.9877541661,
    "22": 0.992482245,
    "23": 0.9909692407,
    "24": 0.9934278727,
    "25": 0.9943735003
  },
  "val_get_f1": {
    "0": 0.4220255911,
    "1": 0.4551379085,
    "2": 0.4447589219,
    "3": 0.4004036784,
    "4": 0.4349941015,
    "5": 0.7587646842,
    "6": 0.9766363502,
    "7": 0.9853229523,
    "8": 0.9592005014,
    "9": 0.9811767936,
    "10": 0.9868984222,
    "11": 0.9863685369,
    "12": 0.9654720426,
    "13": 0.9708507657,
    "14": 0.9538089633,
    "15": 0.987308085,
    "16": 0.991891861,
    "17": 0.993550837,
    "18": 0.9942345023,
    "19": 0.994551897,
    "20": 0.9946426153,
    "21": 0.9879872799,
    "22": 0.9927809238,
    "23": 0.9908174872,
    "24": 0.9934314489,
    "25": 0.994597435
  }
}