{
  "loss": {
    "0": 0.2716157138,
    "1": 0.261787504,
    "2": 0.2592365742,
    "3": 0.2573955953,
    "4": 0.2510114908,
    "5": 0.2361248434,
    "6": 0.2010123432,
    "7": 0.1592672616,
    "8": 0.1428113133,
    "9": 0.1449483335,
    "10": 0.1260373294,
    "11": 0.1249260679,
    "12": 0.1199672818,
    "13": 0.12097238,
    "14": 0.112052612,
    "15": 0.1173591986,
    "16": 0.1121753976,
    "17": 0.1113792211,
    "18": 0.1158671603,
    "19": 0.1100322828,
    "20": 0.105265826,
    "21": 0.1134043932,
    "22": 0.1456778198,
    "23": 0.1357255578,
    "24": 0.1268062294,
    "25": 0.1101671904
  },
  "accuracy": {
    "0": 0.4932935238,
    "1": 0.497320056,
    "2": 0.5017449856,
    "3": 0.5083691478,
    "4": 0.5415482521,
    "5": 0.606859982,
    "6": 0.7043256164,
    "7": 0.7855575681,
    "8": 0.8135255575,
    "9": 0.8106570244,
    "10": 0.8425347209,
    "11": 0.8438361287,
    "12": 0.8528772593,
    "13": 0.8509489894,
    "14": 0.8657643199,
    "15": 0.857636869,
    "16": 0.866327405,
    "17": 0.8678466678,
    "18": 0.8607710004,
    "19": 0.8706780076,
    "20": 0.8779608011,
    "21": 0.8643725514,
    "22": 0.8114272952,
    "23": 0.8275122046,
    "24": 0.8427312374,
    "25": 0.8695040345
  },
  "get_f1": {
    "0": 0.3961395919,
    "1": 0.4286744893,
    "2": 0.4446768463,
    "3": 0.4482494593,
    "4": 0.4878858924,
    "5": 0.5546990037,
    "6": 0.6747401357,
    "7": 0.7749587893,
    "8": 0.8064459562,
    "9": 0.8009877801,
    "10": 0.8391584158,
    "11": 0.8402794003,
    "12": 0.8503732681,
    "13": 0.8480694294,
    "14": 0.8642742038,
    "15": 0.8546930552,
    "16": 0.8646536469,
    "17": 0.8658798337,
    "18": 0.8578625321,
    "19": 0.8689656854,
    "20": 0.8769157529,
    "21": 0.8602878451,
    "22": 0.7940516472,
    "23": 0.8220235705,
    "24": 0.8371391296,
    "25": 0.8676755428
  },
  "val_loss": {
    "0": 0.2639761865,
    "1": 0.2596734762,
    "2": 0.2601140141,
    "3": 0.2558802366,
    "4": 0.2498305589,
    "5": 0.2250436991,
    "6": 0.1787394583,
    "7": 0.1760126054,
    "8": 0.1586526036,
    "9": 0.1323117167,
    "10": 0.1327463686,
    "11": 0.1170435995,
    "12": 0.1182599217,
    "13": 0.1118060052,
    "14": 0.1112536639,
    "15": 0.1086305231,
    "16": 0.105145216,
    "17": 0.1129211932,
    "18": 0.1041236967,
    "19": 0.1157185882,
    "20": 0.0979510322,
    "21": 0.1133679301,
    "22": 0.1508523822,
    "23": 0.1671254933,
    "24": 0.1166763231,
    "25": 0.1300753802
  },
  "val_accuracy": {
    "0": 0.4976972342,
    "1": 0.4994130135,
    "2": 0.499653846,
    "3": 0.5170223713,
    "4": 0.5578098297,
    "5": 0.6391740441,
    "6": 0.7556064129,
    "7": 0.7553656101,
    "8": 0.7976580858,
    "9": 0.8329370022,
    "10": 0.8295054436,
    "11": 0.8581920862,
    "12": 0.8561452031,
    "13": 0.8669215441,
    "14": 0.8679148555,
    "15": 0.8748081326,
    "16": 0.8781192899,
    "17": 0.8638210893,
    "18": 0.8813702464,
    "19": 0.8614129424,
    "20": 0.8921465278,
    "21": 0.8632792234,
    "22": 0.8016315103,
    "23": 0.7899822593,
    "24": 0.860509932,
    "25": 0.8370909691
  },
  "val_get_f1": {
    "0": 0.3463532925,
    "1": 0.4709517956,
    "2": 0.3448807895,
    "3": 0.4799788296,
    "4": 0.5969010592,
    "5": 0.5563472509,
    "6": 0.7519888282,
    "7": 0.7371355891,
    "8": 0.8096993566,
    "9": 0.8362366557,
    "10": 0.8130235672,
    "11": 0.8563375473,
    "12": 0.8537306786,
    "13": 0.8679490089,
    "14": 0.866748333,
    "15": 0.8715782166,
    "16": 0.8787924051,
    "17": 0.8657414913,
    "18": 0.8812465072,
    "19": 0.864364326,
    "20": 0.8925244212,
    "21": 0.855386138,
    "22": 0.7914566994,
    "23": 0.7832008004,
    "24": 0.8604714274,
    "25": 0.8245302439
  }
}