{
  "loss": {
    "0": 0.2715926468,
    "1": 0.2603441179,
    "2": 0.2589780092,
    "3": 0.2567991614,
    "4": 0.2569847703,
    "5": 0.2564420402,
    "6": 0.2354929298,
    "7": 0.1154069304,
    "8": 0.0654837042,
    "9": 0.0511581525,
    "10": 0.0660416484,
    "11": 0.0396554582,
    "12": 0.0375332981,
    "13": 0.0370570831,
    "14": 0.1137738377,
    "15": 0.0545780472,
    "16": 0.0454780757
  },
  "accuracy": {
    "0": 0.5033693314,
    "1": 0.5086835027,
    "2": 0.5106842518,
    "3": 0.5216326714,
    "4": 0.5162544847,
    "5": 0.5164706111,
    "6": 0.5910204053,
    "7": 0.8634413481,
    "8": 0.930060029,
    "9": 0.9455142021,
    "10": 0.9263225198,
    "11": 0.9570308328,
    "12": 0.9597038627,
    "13": 0.9598559141,
    "14": 0.8559584022,
    "15": 0.9450820088,
    "16": 0.9545018077
  },
  "get_f1": {
    "0": 0.4051428139,
    "1": 0.4457315505,
    "2": 0.4486626387,
    "3": 0.4654631019,
    "4": 0.4635600448,
    "5": 0.4605113566,
    "6": 0.5502948165,
    "7": 0.8584030271,
    "8": 0.9297146797,
    "9": 0.945338726,
    "10": 0.9252457023,
    "11": 0.9569452405,
    "12": 0.9595769048,
    "13": 0.959749639,
    "14": 0.8407467604,
    "15": 0.9450023174,
    "16": 0.954439342
  },
  "val_loss": {
    "0": 0.2619992793,
    "1": 0.2592984438,
    "2": 0.258872658,
    "3": 0.2583190501,
    "4": 0.2585089803,
    "5": 0.2573612332,
    "6": 0.1817495376,
    "7": 0.090880163,
    "8": 0.0656527728,
    "9": 0.0478001982,
    "10": 0.04545765,
    "11": 0.0374914035,
    "12": 0.0353267603,
    "13": 0.0462667122,
    "14": 0.0650502071,
    "15": 0.0500602089,
    "16": 0.0395075977
  },
  "val_accuracy": {
    "0": 0.5055782199,
    "1": 0.5113832355,
    "2": 0.5072109103,
    "3": 0.512925148,
    "4": 0.5058503151,
    "5": 0.5204081535,
    "6": 0.745034039,
    "7": 0.8937414885,
    "8": 0.9279818535,
    "9": 0.9487981796,
    "10": 0.9460771084,
    "11": 0.9609524012,
    "12": 0.9602267742,
    "13": 0.9463945627,
    "14": 0.9411337972,
    "15": 0.9493877292,
    "16": 0.9602721334
  },
  "val_get_f1": {
    "0": 0.4758155942,
    "1": 0.4255695045,
    "2": 0.4333902001,
    "3": 0.4608616233,
    "4": 0.3997037411,
    "5": 0.5258540511,
    "6": 0.7291288972,
    "7": 0.8944916725,
    "8": 0.9280892015,
    "9": 0.9493537545,
    "10": 0.9483119845,
    "11": 0.9625759721,
    "12": 0.9619205594,
    "13": 0.948448956,
    "14": 0.9421649575,
    "15": 0.9519175887,
    "16": 0.9620156288
  }
}