{
  "loss": {
    "0": 0.0479821302,
    "1": 0.0126814088,
    "2": 0.0119657516,
    "3": 0.0116495825,
    "4": 0.0115758209,
    "5": 0.0154929664,
    "6": 0.0117251556
  },
  "accuracy": {
    "0": 0.9432048202,
    "1": 0.9900735021,
    "2": 0.9900886416,
    "3": 0.9900886416,
    "4": 0.9900886416,
    "5": 0.9893314838,
    "6": 0.9900886416
  },
  "get_f1": {
    "0": 0.9217874408,
    "1": 0.9901260734,
    "2": 0.9901496172,
    "3": 0.9901435971,
    "4": 0.9900506735,
    "5": 0.9893996119,
    "6": 0.9900482893
  },
  "val_loss": {
    "0": 0.0133696403,
    "1": 0.0120285181,
    "2": 0.0116323773,
    "3": 0.0114516169,
    "4": 0.0114616742,
    "5": 0.0116496086,
    "6": 0.0115617821
  },
  "val_accuracy": {
    "0": 0.9900029898,
    "1": 0.9901317358,
    "2": 0.9901317358,
    "3": 0.9901317358,
    "4": 0.9901317358,
    "5": 0.9901317358,
    "6": 0.9901317358
  },
  "val_get_f1": {
    "0": 0.9895319939,
    "1": 0.9896566272,
    "2": 0.9896566272,
    "3": 0.9896566272,
    "4": 0.9896566272,
    "5": 0.9896566272,
    "6": 0.9896566272
  }
}