{
  "loss": {
    "0": 0.0403413698,
    "1": 0.0134297935,
    "2": 0.0125764254,
    "3": 0.01179183,
    "4": 0.0114526981,
    "5": 0.0112359812,
    "6": 0.0110087646
  },
  "accuracy": {
    "0": 0.9525817037,
    "1": 0.9895506501,
    "2": 0.9899427891,
    "3": 0.9899427891,
    "4": 0.9899427891,
    "5": 0.9899427891,
    "6": 0.9899427891
  },
  "get_f1": {
    "0": 0.9377996325,
    "1": 0.9895288944,
    "2": 0.9899548292,
    "3": 0.9899474382,
    "4": 0.9898623824,
    "5": 0.9899321198,
    "6": 0.9899352789
  },
  "val_loss": {
    "0": 0.0150943166,
    "1": 0.0125395469,
    "2": 0.0121746808,
    "3": 0.011702925,
    "4": 0.0117988838,
    "5": 0.0112398183,
    "6": 0.0111838337
  },
  "val_accuracy": {
    "0": 0.9863888621,
    "1": 0.9896296263,
    "2": 0.9896296263,
    "3": 0.9896296263,
    "4": 0.9896296263,
    "5": 0.9896296263,
    "6": 0.9896296263
  },
  "val_get_f1": {
    "0": 0.9866172671,
    "1": 0.989787817,
    "2": 0.989787817,
    "3": 0.989787817,
    "4": 0.989787817,
    "5": 0.989787817,
    "6": 0.989787817
  }
}