{
  "loss": {
    "0": 0.2671879828,
    "1": 0.2585422993,
    "2": 0.2562445998,
    "3": 0.2525336742,
    "4": 0.2402754277,
    "5": 0.1930978745,
    "6": 0.15443407,
    "7": 0.1382283419,
    "8": 0.1250339746,
    "9": 0.1200728565,
    "10": 0.1160253361,
    "11": 0.1144672185,
    "12": 0.107998237,
    "13": 0.102078326,
    "14": 0.1005897298,
    "15": 0.1079472005,
    "16": 0.0950930417,
    "17": 0.0986943096,
    "18": 0.0893363133,
    "19": 0.0849647522,
    "20": 0.0911864564,
    "21": 0.1032407358,
    "22": 0.0908905342,
    "23": 0.0846844316,
    "24": 0.0848390087,
    "25": 0.0906576514,
    "26": 0.0823907554,
    "27": 0.082008563,
    "28": 0.0806865543,
    "29": 0.0779195651,
    "30": 0.0820671543,
    "31": 0.0813893974
  },
  "accuracy": {
    "0": 0.495133996,
    "1": 0.5028823614,
    "2": 0.5079411864,
    "3": 0.5227614641,
    "4": 0.5751242042,
    "5": 0.711973846,
    "6": 0.7916274667,
    "7": 0.8210751414,
    "8": 0.8432287574,
    "9": 0.8515195847,
    "10": 0.8565065265,
    "11": 0.8597025871,
    "12": 0.8705686331,
    "13": 0.8790751696,
    "14": 0.8810817003,
    "15": 0.8668627739,
    "16": 0.8893136978,
    "17": 0.8817189336,
    "18": 0.8971012831,
    "19": 0.9034476876,
    "20": 0.8929182887,
    "21": 0.8734640479,
    "22": 0.8941928148,
    "23": 0.902666688,
    "24": 0.9013823271,
    "25": 0.894607842,
    "26": 0.9059444666,
    "27": 0.9056242108,
    "28": 0.9079607725,
    "29": 0.9119346142,
    "30": 0.9052973986,
    "31": 0.9053300619
  },
  "get_f1": {
    "0": 0.4075943828,
    "1": 0.4397975504,
    "2": 0.4551213682,
    "3": 0.480397433,
    "4": 0.5298163295,
    "5": 0.6849464178,
    "6": 0.7812250257,
    "7": 0.8129725456,
    "8": 0.8391590118,
    "9": 0.8455186486,
    "10": 0.8513248563,
    "11": 0.85439533,
    "12": 0.8664240837,
    "13": 0.8766781688,
    "14": 0.8783379793,
    "15": 0.8590461612,
    "16": 0.8860993981,
    "17": 0.8770323992,
    "18": 0.8960627913,
    "19": 0.902405262,
    "20": 0.8912165761,
    "21": 0.8624458909,
    "22": 0.8927626014,
    "23": 0.9018388391,
    "24": 0.9004359245,
    "25": 0.8919514418,
    "26": 0.9055882692,
    "27": 0.9049701691,
    "28": 0.9066361785,
    "29": 0.9113314748,
    "30": 0.9040219188,
    "31": 0.9042567611
  },
  "val_loss": {
    "0": 0.2600279748,
    "1": 0.2579431236,
    "2": 0.2551505268,
    "3": 0.2475852817,
    "4": 0.2217839658,
    "5": 0.1555800438,
    "6": 0.1375725567,
    "7": 0.1304810196,
    "8": 0.1301968545,
    "9": 0.1708113104,
    "10": 0.1117354855,
    "11": 0.1057048142,
    "12": 0.09176144,
    "13": 0.0904964805,
    "14": 0.0803068057,
    "15": 0.0888140798,
    "16": 0.0967256203,
    "17": 0.0796510875,
    "18": 0.0758189186,
    "19": 0.0719555393,
    "20": 0.07513614,
    "21": 0.1559348255,
    "22": 0.0806633309,
    "23": 0.0818428993,
    "24": 0.0738968477,
    "25": 0.0784879848,
    "26": 0.0705376863,
    "27": 0.0882713422,
    "28": 0.0808966756,
    "29": 0.0723881349,
    "30": 0.0722171515,
    "31": 0.0907734036
  },
  "val_accuracy": {
    "0": 0.5015925765,
    "1": 0.5015185475,
    "2": 0.5086481571,
    "3": 0.5420370102,
    "4": 0.6369259357,
    "5": 0.7933518291,
    "6": 0.8247036934,
    "7": 0.8305185437,
    "8": 0.8306111097,
    "9": 0.7845555544,
    "10": 0.8653333187,
    "11": 0.8794259429,
    "12": 0.8999814987,
    "13": 0.8944629431,
    "14": 0.914388895,
    "15": 0.897444427,
    "16": 0.8849444389,
    "17": 0.9159444571,
    "18": 0.9184259176,
    "19": 0.9223148227,
    "20": 0.916685164,
    "21": 0.7685370445,
    "22": 0.9082221985,
    "23": 0.9028333426,
    "24": 0.9235370159,
    "25": 0.911962986,
    "26": 0.9261481762,
    "27": 0.8947592378,
    "28": 0.9126666784,
    "29": 0.9199814796,
    "30": 0.9180740714,
    "31": 0.8888888955
  },
  "val_get_f1": {
    "0": 0.4846154749,
    "1": 0.3936271369,
    "2": 0.4771032929,
    "3": 0.5219584703,
    "4": 0.5563178062,
    "5": 0.7833861113,
    "6": 0.830301702,
    "7": 0.8132793307,
    "8": 0.8151198626,
    "9": 0.8038237095,
    "10": 0.8591704369,
    "11": 0.8714107871,
    "12": 0.8978689909,
    "13": 0.8966854811,
    "14": 0.9151753187,
    "15": 0.8998550773,
    "16": 0.8785712719,
    "17": 0.91531986,
    "18": 0.9190685153,
    "19": 0.9227212071,
    "20": 0.9185119867,
    "21": 0.7167275548,
    "22": 0.9065127969,
    "23": 0.9053253531,
    "24": 0.9241737723,
    "25": 0.9144730568,
    "26": 0.9263619781,
    "27": 0.8993099332,
    "28": 0.9107063413,
    "29": 0.9219946861,
    "30": 0.9198899865,
    "31": 0.8940017223
  }
}