{"loss":{"0":0.2542326748,"1":0.2511189878,"2":0.2497587055,"3":0.2484995872,"4":0.2473518401,"5":0.2464235127,"6":0.2457381785,"7":0.2452630848,"8":0.2448901087,"9":0.2445810288,"10":0.2442424744},"accuracy":{"0":0.5102407336,"1":0.5301845074,"2":0.5406864285,"3":0.5468195081,"4":0.5526951551,"5":0.5575864315,"6":0.5627351999,"7":0.5637724996,"8":0.563886106,"9":0.5673084855,"10":0.5694891214},"get_f1":{"0":0.4596822858,"1":0.4955979586,"2":0.5101662278,"3":0.5245504975,"4":0.5359311104,"5":0.543143034,"6":0.55138731,"7":0.5538336039,"8":0.5499433279,"9":0.5595940948,"10":0.5588613153},"val_loss":{"0":0.2533139586,"1":0.2528616786,"2":0.252713114,"3":0.2524600029,"4":0.2528146207,"5":0.2527987659,"6":0.2527694702,"7":0.2528336942,"8":0.2530685961,"9":0.2531557679,"10":0.2535319328},"val_accuracy":{"0":0.5147380829,"1":0.5199725628,"2":0.5203586817,"3":0.5181705356,"4":0.5237053037,"5":0.5246492624,"6":0.5230617523,"7":0.5165830255,"8":0.5195863843,"9":0.5195863843,"10":0.5165401101},"val_get_f1":{"0":0.4861910343,"1":0.4870993197,"2":0.4824592769,"3":0.4795716107,"4":0.5063118339,"5":0.5344914794,"6":0.5175392032,"7":0.5036554933,"8":0.5279325247,"9":0.5206532478,"10":0.5151487589}}