{
  "loss": {
    "0": 0.2679916322,
    "1": 0.2598283589,
    "2": 0.2580111325,
    "3": 0.2565875053,
    "4": 0.2548379004,
    "5": 0.2473161519,
    "6": 0.2330441922,
    "7": 0.2077220976,
    "8": 0.1820828915,
    "9": 0.1656635851,
    "10": 0.1553992033,
    "11": 0.151329726,
    "12": 0.1429818571,
    "13": 0.1418978274,
    "14": 0.13654311,
    "15": 0.1338311881,
    "16": 0.1300875545,
    "17": 0.1294274777
  },
  "accuracy": {
    "0": 0.4898983538,
    "1": 0.4973509312,
    "2": 0.5001904964,
    "3": 0.5068555474,
    "4": 0.5142248869,
    "5": 0.5504377484,
    "6": 0.6063193083,
    "7": 0.673997581,
    "8": 0.7288035154,
    "9": 0.7609604001,
    "10": 0.7800720334,
    "11": 0.7858311534,
    "12": 0.8010724187,
    "13": 0.8033581376,
    "14": 0.8122577071,
    "15": 0.8169315457,
    "16": 0.822645843,
    "17": 0.8230364323
  },
  "get_f1": {
    "0": 0.40354532,
    "1": 0.4350533783,
    "2": 0.4447428584,
    "3": 0.4550420046,
    "4": 0.4677928388,
    "5": 0.5051692128,
    "6": 0.5657320619,
    "7": 0.6455760002,
    "8": 0.712236166,
    "9": 0.7502076626,
    "10": 0.7709475756,
    "11": 0.7772622705,
    "12": 0.794495523,
    "13": 0.7952725291,
    "14": 0.8071089983,
    "15": 0.8129792809,
    "16": 0.8188143373,
    "17": 0.818931818
  },
  "val_loss": {
    "0": 0.2612504661,
    "1": 0.2586397827,
    "2": 0.2578572035,
    "3": 0.2563897371,
    "4": 0.2549850941,
    "5": 0.2440828085,
    "6": 0.2189816087,
    "7": 0.1848253608,
    "8": 0.1652053893,
    "9": 0.188955158,
    "10": 0.1979945451,
    "11": 0.1682556719,
    "12": 0.1326207817,
    "13": 0.138266772,
    "14": 0.1546841562,
    "15": 0.1362977475,
    "16": 0.1359997392,
    "17": 0.1327707022
  },
  "val_accuracy": {
    "0": 0.4956371784,
    "1": 0.5006802678,
    "2": 0.5041995645,
    "3": 0.5054149628,
    "4": 0.5144308209,
    "5": 0.5681813955,
    "6": 0.6507392526,
    "7": 0.7258231044,
    "8": 0.7617596388,
    "9": 0.7022585273,
    "10": 0.6700952649,
    "11": 0.7463582754,
    "12": 0.8250340223,
    "13": 0.8114467263,
    "14": 0.7843265533,
    "15": 0.8204988837,
    "16": 0.8171791434,
    "17": 0.8132607937
  },
  "val_get_f1": {
    "0": 0.4144811332,
    "1": 0.3897304535,
    "2": 0.5276665092,
    "3": 0.4300124645,
    "4": 0.3560645282,
    "5": 0.4693696499,
    "6": 0.6398826241,
    "7": 0.7050370574,
    "8": 0.7636688948,
    "9": 0.620863378,
    "10": 0.5521519184,
    "11": 0.692214191,
    "12": 0.8203354478,
    "13": 0.7972003818,
    "14": 0.7971981168,
    "15": 0.8191814423,
    "16": 0.7978106141,
    "17": 0.8198286295
  }
}