{
  "loss": {
    "0": 0.2690922618,
    "1": 0.2576544583,
    "2": 0.2562461495,
    "3": 0.255304873,
    "4": 0.2433737218,
    "5": 0.1276977509,
    "6": 0.0783392712,
    "7": 0.0575845614,
    "8": 0.0557873361,
    "9": 0.0405319333,
    "10": 0.0632874221,
    "11": 0.0373997726,
    "12": 0.0350345336,
    "13": 0.0377659202,
    "14": 0.0371500291,
    "15": 0.0309656318,
    "16": 0.0308507532,
    "17": 0.0388118997,
    "18": 0.0309718363,
    "19": 0.0296016168
  },
  "accuracy": {
    "0": 0.5107631683,
    "1": 0.5245587826,
    "2": 0.5358708501,
    "3": 0.540323019,
    "4": 0.5808466673,
    "5": 0.8425468206,
    "6": 0.9172490835,
    "7": 0.9406001568,
    "8": 0.9418343306,
    "9": 0.9587721825,
    "10": 0.9263502359,
    "11": 0.9616721272,
    "12": 0.9638149142,
    "13": 0.9612480998,
    "14": 0.9614601135,
    "15": 0.9680399299,
    "16": 0.9679718018,
    "17": 0.959264338,
    "18": 0.9675931931,
    "19": 0.9687743783
  },
  "get_f1": {
    "0": 0.4181863964,
    "1": 0.4625007212,
    "2": 0.4738500714,
    "3": 0.4835850298,
    "4": 0.5252587199,
    "5": 0.8351207972,
    "6": 0.915381372,
    "7": 0.9405860901,
    "8": 0.9416730404,
    "9": 0.958701551,
    "10": 0.9193765521,
    "11": 0.9615087509,
    "12": 0.9637245536,
    "13": 0.9608083963,
    "14": 0.9613106847,
    "15": 0.9681890011,
    "16": 0.9678931236,
    "17": 0.9591457844,
    "18": 0.9674975276,
    "19": 0.9688646197
  },
  "val_loss": {
    "0": 0.2591796815,
    "1": 0.2571880221,
    "2": 0.2554421723,
    "3": 0.2544041574,
    "4": 0.1991311014,
    "5": 0.085606657,
    "6": 0.1118635014,
    "7": 0.0552723408,
    "8": 0.0440829135,
    "9": 0.044882793,
    "10": 0.0441187434,
    "11": 0.0421970114,
    "12": 0.0359972753,
    "13": 0.0764852166,
    "14": 0.032974869,
    "15": 0.0333472118,
    "16": 0.0379279517,
    "17": 0.0409770124,
    "18": 0.0362935923,
    "19": 0.0352602527
  },
  "val_accuracy": {
    "0": 0.5128931403,
    "1": 0.5166258812,
    "2": 0.5358476043,
    "3": 0.5309992433,
    "4": 0.7071266174,
    "5": 0.9036769867,
    "6": 0.8800789714,
    "7": 0.9431072474,
    "8": 0.9545201063,
    "9": 0.9555069208,
    "10": 0.954605937,
    "11": 0.9579096437,
    "12": 0.9614707828,
    "13": 0.9143604636,
    "14": 0.9668340087,
    "15": 0.9646028876,
    "16": 0.9617282152,
    "17": 0.9636589885,
    "18": 0.9638305902,
    "19": 0.964645803
  },
  "val_get_f1": {
    "0": 0.4263217747,
    "1": 0.4157746732,
    "2": 0.470659107,
    "3": 0.4401574135,
    "4": 0.6768596768,
    "5": 0.9021909833,
    "6": 0.881090343,
    "7": 0.9433071017,
    "8": 0.9543983936,
    "9": 0.9552108645,
    "10": 0.9542925358,
    "11": 0.9581480026,
    "12": 0.9615246654,
    "13": 0.9132423997,
    "14": 0.9665799737,
    "15": 0.9643699527,
    "16": 0.9614699483,
    "17": 0.9634757638,
    "18": 0.9634544253,
    "19": 0.9648757577
  }
}