{
  "loss": {
    "0": 0.2694935203,
    "1": 0.2604537606,
    "2": 0.2329354733,
    "3": 0.1552580297,
    "4": 0.1208083704,
    "5": 0.1033462137,
    "6": 0.1478097141,
    "7": 0.1129491106,
    "8": 0.1052069664,
    "9": 0.0838192031,
    "10": 0.0710046515,
    "11": 0.1335892379,
    "12": 0.0735049173,
    "13": 0.0744025037,
    "14": 0.1043947935,
    "15": 0.0767813921
  },
  "accuracy": {
    "0": 0.4899493754,
    "1": 0.502733171,
    "2": 0.5979712605,
    "3": 0.7821645737,
    "4": 0.8421075344,
    "5": 0.8699583411,
    "6": 0.7993403673,
    "7": 0.8545147777,
    "8": 0.8648091555,
    "9": 0.9016343355,
    "10": 0.9184573889,
    "11": 0.8272704482,
    "12": 0.9143428206,
    "13": 0.9116829634,
    "14": 0.8780408502,
    "15": 0.9109853506
  },
  "get_f1": {
    "0": 0.3976733088,
    "1": 0.4385995865,
    "2": 0.5652942657,
    "3": 0.7775163054,
    "4": 0.8413676023,
    "5": 0.8702743649,
    "6": 0.7851612568,
    "7": 0.8553732038,
    "8": 0.8641711473,
    "9": 0.8985295892,
    "10": 0.9176738262,
    "11": 0.8042524457,
    "12": 0.9139626622,
    "13": 0.9106523395,
    "14": 0.8514005542,
    "15": 0.9039227366
  },
  "val_loss": {
    "0": 0.2630807161,
    "1": 0.2556999326,
    "2": 0.2091070563,
    "3": 0.1228914559,
    "4": 0.0996372849,
    "5": 0.0760729387,
    "6": 0.1168503016,
    "7": 0.1460089684,
    "8": 0.0766875669,
    "9": 0.0818711743,
    "10": 0.0553274639,
    "11": 0.0668606013,
    "12": 0.0576701425,
    "13": 0.075525336,
    "14": 0.0660560206,
    "15": 0.0658446625
  },
  "val_accuracy": {
    "0": 0.4928682148,
    "1": 0.5229452848,
    "2": 0.6757788658,
    "3": 0.8364518285,
    "4": 0.8727060556,
    "5": 0.9066466093,
    "6": 0.8510748148,
    "7": 0.7888317108,
    "8": 0.9106448889,
    "9": 0.9068936706,
    "10": 0.9358700514,
    "11": 0.9218760729,
    "12": 0.9344998598,
    "13": 0.9175183773,
    "14": 0.9290864468,
    "15": 0.9190907478
  },
  "val_get_f1": {
    "0": 0.4291604459,
    "1": 0.4990768731,
    "2": 0.6772139072,
    "3": 0.840490818,
    "4": 0.8730409145,
    "5": 0.907566309,
    "6": 0.8551095128,
    "7": 0.7746015191,
    "8": 0.9112064838,
    "9": 0.9054929018,
    "10": 0.9361857772,
    "11": 0.9223793745,
    "12": 0.9348124266,
    "13": 0.9171977639,
    "14": 0.9292433858,
    "15": 0.9193893671
  }
}