{
  "loss": {
    "0": 0.0413379855,
    "1": 0.0144417686,
    "2": 0.0129238404,
    "3": 0.0122098103,
    "4": 0.012001601
  },
  "accuracy": {
    "0": 0.9501797557,
    "1": 0.9885212183,
    "2": 0.9899264574,
    "3": 0.9899427891,
    "4": 0.9899427891
  },
  "get_f1": {
    "0": 0.9386561513,
    "1": 0.9885071516,
    "2": 0.9899386764,
    "3": 0.9899474382,
    "4": 0.9898623824
  },
  "val_loss": {
    "0": 0.0164290052,
    "1": 0.0133573124,
    "2": 0.0125213061,
    "3": 0.0120871188,
    "4": 0.0123376241
  },
  "val_accuracy": {
    "0": 0.9834259152,
    "1": 0.9896296263,
    "2": 0.9896296263,
    "3": 0.9896296263,
    "4": 0.9896296263
  },
  "val_get_f1": {
    "0": 0.9836999774,
    "1": 0.989787817,
    "2": 0.989787817,
    "3": 0.989787817,
    "4": 0.989787817
  }
}