{
  "loss": {
    "0": 0.2702091336,
    "1": 0.2080617696,
    "2": 0.1179298088,
    "3": 0.1036668941,
    "4": 0.0991600901,
    "5": 0.0958674401,
    "6": 0.0932528973,
    "7": 0.093798466,
    "8": 0.0922256783,
    "9": 0.0917836577,
    "10": 0.0901058093,
    "11": 0.0901314989,
    "12": 0.0898128748,
    "13": 0.0888052285,
    "14": 0.088646099,
    "15": 0.0884166658,
    "16": 0.0881526545,
    "17": 0.0873196647,
    "18": 0.0876916796,
    "19": 0.0868671313,
    "20": 0.0867452472,
    "21": 0.0867595971,
    "22": 0.0867654309,
    "23": 0.0863143131,
    "24": 0.085613735,
    "25": 0.0853095949,
    "26": 0.0847497135,
    "27": 0.0874000639,
    "28": 0.0844541639,
    "29": 0.0845039561,
    "30": 0.0840029866,
    "31": 0.0839765221,
    "32": 0.0837843046,
    "33": 0.0832187161,
    "34": 0.0843110532,
    "35": 0.0838891715,
    "36": 0.0837340057
  },
  "accuracy": {
    "0": 0.5026307106,
    "1": 0.6549428105,
    "2": 0.8518627286,
    "3": 0.8753676414,
    "4": 0.8823692799,
    "5": 0.8879983425,
    "6": 0.8922140598,
    "7": 0.8910702467,
    "8": 0.8945179582,
    "9": 0.8945097923,
    "10": 0.8972712159,
    "11": 0.8968464136,
    "12": 0.8980800509,
    "13": 0.8987173438,
    "14": 0.8995425105,
    "15": 0.9002205729,
    "16": 0.9000163674,
    "17": 0.9018219113,
    "18": 0.9013643861,
    "19": 0.9029248357,
    "20": 0.9029411674,
    "21": 0.9028349519,
    "22": 0.9026960731,
    "23": 0.9035784602,
    "24": 0.9049264789,
    "25": 0.9056209326,
    "26": 0.9057516456,
    "27": 0.9015032649,
    "28": 0.9073529243,
    "29": 0.9069934487,
    "30": 0.9075980186,
    "31": 0.908129096,
    "32": 0.9083986878,
    "33": 0.9090849757,
    "34": 0.9070751667,
    "35": 0.9078758359,
    "36": 0.9083169699
  },
  "get_f1": {
    "0": 0.4074822068,
    "1": 0.6178424954,
    "2": 0.850039959,
    "3": 0.8749268055,
    "4": 0.8822000623,
    "5": 0.8881081939,
    "6": 0.8921966553,
    "7": 0.8912352324,
    "8": 0.8947210312,
    "9": 0.8948180079,
    "10": 0.8974840641,
    "11": 0.8971517086,
    "12": 0.8982802629,
    "13": 0.8990858793,
    "14": 0.900008738,
    "15": 0.9005162716,
    "16": 0.9003030658,
    "17": 0.9022376537,
    "18": 0.9016185999,
    "19": 0.903482914,
    "20": 0.9031692743,
    "21": 0.9031165242,
    "22": 0.9031212926,
    "23": 0.9040035605,
    "24": 0.9052135944,
    "25": 0.906052351,
    "26": 0.9064096212,
    "27": 0.9020491838,
    "28": 0.9078065753,
    "29": 0.9073103666,
    "30": 0.9079537988,
    "31": 0.9085131884,
    "32": 0.9088775516,
    "33": 0.9095872045,
    "34": 0.9074833393,
    "35": 0.9083601236,
    "36": 0.9087572098
  },
  "val_loss": {
    "0": 0.260525614,
    "1": 0.1318256706,
    "2": 0.1166357175,
    "3": 0.1017102376,
    "4": 0.1015483066,
    "5": 0.0943631455,
    "6": 0.1013290063,
    "7": 0.1006072015,
    "8": 0.0915105194,
    "9": 0.0932618082,
    "10": 0.093823202,
    "11": 0.0902387351,
    "12": 0.0928496271,
    "13": 0.0887803957,
    "14": 0.0921099782,
    "15": 0.0939761549,
    "16": 0.0890259519,
    "17": 0.0935476199,
    "18": 0.0881942883,
    "19": 0.0877265409,
    "20": 0.0918722004,
    "21": 0.0876676515,
    "22": 0.0883501768,
    "23": 0.0943210497,
    "24": 0.0875640437,
    "25": 0.0867350847,
    "26": 0.0862424299,
    "27": 0.0871976167,
    "28": 0.0860291198,
    "29": 0.0856004879,
    "30": 0.0856753066,
    "31": 0.0838130787,
    "32": 0.0848370269,
    "33": 0.0858634189,
    "34": 0.0844756961,
    "35": 0.0866573006,
    "36": 0.0882271603
  },
  "val_accuracy": {
    "0": 0.5064351559,
    "1": 0.8237962723,
    "2": 0.852175951,
    "3": 0.8773611188,
    "4": 0.8791666627,
    "5": 0.8888425827,
    "6": 0.8755092621,
    "7": 0.8762037158,
    "8": 0.8921296,
    "9": 0.8900926113,
    "10": 0.8881944418,
    "11": 0.8962500095,
    "12": 0.8915740848,
    "13": 0.9001389146,
    "14": 0.8917129636,
    "15": 0.8883796334,
    "16": 0.8969907165,
    "17": 0.8904166818,
    "18": 0.9011573792,
    "19": 0.9008333087,
    "20": 0.8922685385,
    "21": 0.9009259343,
    "22": 0.9018055797,
    "23": 0.8865740895,
    "24": 0.9010185003,
    "25": 0.902870357,
    "26": 0.9035648108,
    "27": 0.8989351988,
    "28": 0.9037500024,
    "29": 0.9039815068,
    "30": 0.9035648108,
    "31": 0.9083796144,
    "32": 0.9052777886,
    "33": 0.9029166698,
    "34": 0.9054166675,
    "35": 0.9040740728,
    "36": 0.9002314806
  },
  "val_get_f1": {
    "0": 0.412026763,
    "1": 0.8194475174,
    "2": 0.8527045846,
    "3": 0.8790391684,
    "4": 0.8788463473,
    "5": 0.8897001147,
    "6": 0.8743417859,
    "7": 0.8773826957,
    "8": 0.8936712146,
    "9": 0.8897140622,
    "10": 0.888708055,
    "11": 0.8954416513,
    "12": 0.8920320272,
    "13": 0.8998551965,
    "14": 0.893446207,
    "15": 0.8911266327,
    "16": 0.8979458213,
    "17": 0.8920192719,
    "18": 0.9015455842,
    "19": 0.9011999369,
    "20": 0.8920579553,
    "21": 0.9020981193,
    "22": 0.90225178,
    "23": 0.890722096,
    "24": 0.9013404846,
    "25": 0.9035543203,
    "26": 0.9030407071,
    "27": 0.8989984393,
    "28": 0.9043620825,
    "29": 0.9046787024,
    "30": 0.9045328498,
    "31": 0.9089881778,
    "32": 0.9058643579,
    "33": 0.9043025374,
    "34": 0.9063875675,
    "35": 0.9046440125,
    "36": 0.9010080099
  }
}