{
  "loss": {
    "0": 0.27144894,
    "1": 0.2616910934,
    "2": 0.2595283687,
    "3": 0.2586171031,
    "4": 0.2573780417,
    "5": 0.2567586601,
    "6": 0.2550387979,
    "7": 0.1835246235,
    "8": 0.0989164487,
    "9": 0.0583999306,
    "10": 0.0460616313,
    "11": 0.0443374887,
    "12": 0.0374975763,
    "13": 0.0352034532,
    "14": 0.042950809,
    "15": 0.0305780936,
    "16": 0.0288812462,
    "17": 0.0323256999,
    "18": 0.0274711438,
    "19": 0.0267150663,
    "20": 0.0364144742,
    "21": 0.025860576,
    "22": 0.0248408895,
    "23": 0.0246088281,
    "24": 0.0240366124,
    "25": 0.0300606117,
    "26": 0.0244367626,
    "27": 0.0238234401,
    "28": 0.0244035739
  },
  "accuracy": {
    "0": 0.5001552105,
    "1": 0.5009150505,
    "2": 0.5054983497,
    "3": 0.506813705,
    "4": 0.5103594661,
    "5": 0.5132107735,
    "6": 0.5228594542,
    "7": 0.7245996594,
    "8": 0.8852124214,
    "9": 0.948022902,
    "10": 0.961045742,
    "11": 0.9616176486,
    "12": 0.9665523171,
    "13": 0.9677777886,
    "14": 0.9604575038,
    "15": 0.9704166651,
    "16": 0.9715359211,
    "17": 0.9689869285,
    "18": 0.9725898504,
    "19": 0.9728431106,
    "20": 0.9626143575,
    "21": 0.9735702872,
    "22": 0.9745506644,
    "23": 0.9746732116,
    "24": 0.9751061797,
    "25": 0.9700163603,
    "26": 0.9749019742,
    "27": 0.9754248261,
    "28": 0.9745261669
  },
  "get_f1": {
    "0": 0.4008282721,
    "1": 0.43155092,
    "2": 0.4431030452,
    "3": 0.4466405809,
    "4": 0.4565373957,
    "5": 0.4606623054,
    "6": 0.4757625759,
    "7": 0.7063692808,
    "8": 0.885720849,
    "9": 0.9480466247,
    "10": 0.9612241983,
    "11": 0.9616374969,
    "12": 0.966557622,
    "13": 0.9677513838,
    "14": 0.9605978727,
    "15": 0.9704304934,
    "16": 0.97151649,
    "17": 0.9690576792,
    "18": 0.9726049304,
    "19": 0.9728848934,
    "20": 0.961222887,
    "21": 0.9735505581,
    "22": 0.9745721817,
    "23": 0.9746928811,
    "24": 0.9751189947,
    "25": 0.9700750709,
    "26": 0.9748827219,
    "27": 0.9754876494,
    "28": 0.9745537639
  },
  "val_loss": {
    "0": 0.2626124322,
    "1": 0.2604836822,
    "2": 0.2609424889,
    "3": 0.2592027783,
    "4": 0.2590239346,
    "5": 0.2592217028,
    "6": 0.2449618429,
    "7": 0.1255517751,
    "8": 0.0621433966,
    "9": 0.0475714058,
    "10": 0.0411204584,
    "11": 0.0374946892,
    "12": 0.038790293,
    "13": 0.0369124562,
    "14": 0.0338942148,
    "15": 0.0303818714,
    "16": 0.0311006028,
    "17": 0.0283509158,
    "18": 0.0358835086,
    "19": 0.0271216836,
    "20": 0.0306800455,
    "21": 0.0258281175,
    "22": 0.0253282133,
    "23": 0.0249020271,
    "24": 0.0244159307,
    "25": 0.0262079593,
    "26": 0.0254495069,
    "27": 0.0242842212,
    "28": 0.0243268386
  },
  "val_accuracy": {
    "0": 0.5018518567,
    "1": 0.5016203523,
    "2": 0.4987962842,
    "3": 0.4985648096,
    "4": 0.4981018603,
    "5": 0.5114352107,
    "6": 0.5615741014,
    "7": 0.8389815092,
    "8": 0.9429166913,
    "9": 0.9583333135,
    "10": 0.9635648131,
    "11": 0.9651389122,
    "12": 0.9645833373,
    "13": 0.9646296501,
    "14": 0.967592597,
    "15": 0.9696296453,
    "16": 0.9695833325,
    "17": 0.9712963104,
    "18": 0.9697222114,
    "19": 0.972129643,
    "20": 0.9700925946,
    "21": 0.9731018543,
    "22": 0.973287046,
    "23": 0.9740277529,
    "24": 0.973796308,
    "25": 0.972638905,
    "26": 0.9737036824,
    "27": 0.9738888741,
    "28": 0.9739351869
  },
  "val_get_f1": {
    "0": 0.396756351,
    "1": 0.4136471748,
    "2": 0.3817725182,
    "3": 0.3914986551,
    "4": 0.3768450022,
    "5": 0.5112227798,
    "6": 0.4660569429,
    "7": 0.8407825232,
    "8": 0.943584621,
    "9": 0.9585046172,
    "10": 0.9636699557,
    "11": 0.9652271867,
    "12": 0.964664042,
    "13": 0.9647331834,
    "14": 0.9676830173,
    "15": 0.9696435332,
    "16": 0.9695752859,
    "17": 0.9712571502,
    "18": 0.969689548,
    "19": 0.9721057415,
    "20": 0.9700534344,
    "21": 0.9730679989,
    "22": 0.9732469916,
    "23": 0.9740087986,
    "24": 0.9737746716,
    "25": 0.9726263285,
    "26": 0.973649621,
    "27": 0.9738315344,
    "28": 0.9738860726
  }
}