{
  "loss": {
    "0": 0.2724214196,
    "1": 0.260943234,
    "2": 0.2593820989,
    "3": 0.2579570711,
    "4": 0.2570408285,
    "5": 0.2565505505,
    "6": 0.2560732067,
    "7": 0.2557002008,
    "8": 0.2552197576,
    "9": 0.2551867366,
    "10": 0.2548662722
  },
  "accuracy": {
    "0": 0.5043137074,
    "1": 0.5054742098,
    "2": 0.5070988536,
    "3": 0.5087555051,
    "4": 0.5116366744,
    "5": 0.5124849677,
    "6": 0.5120368004,
    "7": 0.5126290321,
    "8": 0.5149419904,
    "9": 0.5161904693,
    "10": 0.5172789097
  },
  "get_f1": {
    "0": 0.4007847309,
    "1": 0.4396735728,
    "2": 0.4447261691,
    "3": 0.4547673762,
    "4": 0.4598491788,
    "5": 0.4569940865,
    "6": 0.4630405605,
    "7": 0.4648664594,
    "8": 0.4689565301,
    "9": 0.4699537456,
    "10": 0.4727095068
  },
  "val_loss": {
    "0": 0.2623921931,
    "1": 0.2605434358,
    "2": 0.2592842877,
    "3": 0.2587159276,
    "4": 0.2583159506,
    "5": 0.2577451766,
    "6": 0.2575003803,
    "7": 0.2577043474,
    "8": 0.2573073506,
    "9": 0.2578213811,
    "10": 0.2578096688
  },
  "val_accuracy": {
    "0": 0.5,
    "1": 0.4982766509,
    "2": 0.5019047856,
    "3": 0.5029025078,
    "4": 0.5029932261,
    "5": 0.5084807277,
    "6": 0.501496613,
    "7": 0.5026304126,
    "8": 0.5036281347,
    "9": 0.5020408034,
    "10": 0.5009070039
  },
  "val_get_f1": {
    "0": 0.4271487892,
    "1": 0.4108500183,
    "2": 0.4207165241,
    "3": 0.4406020939,
    "4": 0.4100341499,
    "5": 0.5049981475,
    "6": 0.422401756,
    "7": 0.4675932229,
    "8": 0.4557261169,
    "9": 0.4545972347,
    "10": 0.4152442217
  }
}