{
  "loss": {
    "0": 0.2491501123,
    "1": 0.1466073841,
    "2": 0.1318356842,
    "3": 0.1122997701,
    "4": 0.0778483301,
    "5": 0.0502946489,
    "6": 0.0452099368,
    "7": 0.0382802412,
    "8": 0.0370156392,
    "9": 0.0467142612,
    "10": 0.0362418406,
    "11": 0.0640586093,
    "12": 0.0500684232,
    "13": 0.0367637128,
    "14": 0.052502539,
    "15": 0.0397259742
  },
  "accuracy": {
    "0": 0.6143630743,
    "1": 0.8030836582,
    "2": 0.8232790232,
    "3": 0.8598502278,
    "4": 0.9123758078,
    "5": 0.9476097226,
    "6": 0.9532036185,
    "7": 0.960676074,
    "8": 0.9614097476,
    "9": 0.9511273503,
    "10": 0.961362958,
    "11": 0.9248697758,
    "12": 0.9516789317,
    "13": 0.9634391665,
    "14": 0.9420210123,
    "15": 0.9601296782
  },
  "get_f1": {
    "0": 0.5573601723,
    "1": 0.8018767834,
    "2": 0.7974155545,
    "3": 0.8378927708,
    "4": 0.9121466875,
    "5": 0.9476577044,
    "6": 0.953450501,
    "7": 0.9607762694,
    "8": 0.9616355896,
    "9": 0.9512737989,
    "10": 0.9613720775,
    "11": 0.9268056154,
    "12": 0.9518350363,
    "13": 0.963619411,
    "14": 0.9420710206,
    "15": 0.9603181481
  },
  "val_loss": {
    "0": 0.2227028906,
    "1": 0.0874644145,
    "2": 0.0742828026,
    "3": 0.1430834681,
    "4": 0.0578815676,
    "5": 0.0444274545,
    "6": 0.0308215972,
    "7": 0.0375709347,
    "8": 0.0315120146,
    "9": 0.0689582527,
    "10": 0.0254664496,
    "11": 0.0680235624,
    "12": 0.0348606817,
    "13": 0.0323923826,
    "14": 0.04592067,
    "15": 0.0312890112
  },
  "val_accuracy": {
    "0": 0.6788251996,
    "1": 0.9042844772,
    "2": 0.9228319526,
    "3": 0.8200984597,
    "4": 0.9361011982,
    "5": 0.9553268552,
    "6": 0.9686256051,
    "7": 0.9574499726,
    "8": 0.9640550613,
    "9": 0.9103294015,
    "10": 0.9715153575,
    "11": 0.9326217175,
    "12": 0.968832016,
    "13": 0.9680358768,
    "14": 0.9501076341,
    "15": 0.9698935747
  },
  "val_get_f1": {
    "0": 0.6689325571,
    "1": 0.9039416313,
    "2": 0.9241498709,
    "3": 0.8115288615,
    "4": 0.9360382557,
    "5": 0.9558317661,
    "6": 0.9686658382,
    "7": 0.9577535987,
    "8": 0.964240253,
    "9": 0.9108458757,
    "10": 0.9715994596,
    "11": 0.9324000478,
    "12": 0.968944788,
    "13": 0.9681597352,
    "14": 0.9504160881,
    "15": 0.9700102806
  }
}