{
  "loss": {
    "0": 0.0285769217,
    "1": 0.002424614,
    "2": 0.001457685,
    "3": 0.0011720763
  },
  "accuracy": {
    "0": 0.9661409855,
    "1": 1.0,
    "2": 1.0,
    "3": 1.0
  },
  "get_f1": {
    "0": 0.9550954103,
    "1": 1.0,
    "2": 1.0,
    "3": 1.0
  },
  "val_loss": {
    "0": 0.0036827037,
    "1": 0.0017586121,
    "2": 0.0012649068,
    "3": 0.0010941816
  },
  "val_accuracy": {
    "0": 1.0,
    "1": 1.0,
    "2": 1.0,
    "3": 1.0
  },
  "val_get_f1": {
    "0": 1.0,
    "1": 1.0,
    "2": 1.0,
    "3": 1.0
  }
}