{
  "loss": {
    "0": 0.0397090167,
    "1": 0.0029642743,
    "2": 0.0013384207,
    "3": 0.000888374,
    "4": 0.0005824289,
    "5": 0.0004019707,
    "6": 0.0005289919
  },
  "accuracy": {
    "0": 0.952732563,
    "1": 0.9999332428,
    "2": 1.0,
    "3": 1.0,
    "4": 1.0,
    "5": 1.0,
    "6": 0.9999916553
  },
  "get_f1": {
    "0": 0.9389693141,
    "1": 0.9999325275,
    "2": 1.0,
    "3": 1.0,
    "4": 1.0,
    "5": 1.0,
    "6": 0.999991715
  },
  "val_loss": {
    "0": 0.0051792562,
    "1": 0.0018731053,
    "2": 0.0010625718,
    "3": 0.0007105222,
    "4": 0.0004667707,
    "5": 0.0006693615,
    "6": 0.0008414534
  },
  "val_accuracy": {
    "0": 0.9990071058,
    "1": 1.0,
    "2": 1.0,
    "3": 1.0,
    "4": 1.0,
    "5": 1.0,
    "6": 1.0
  },
  "val_get_f1": {
    "0": 0.999047339,
    "1": 1.0,
    "2": 1.0,
    "3": 1.0,
    "4": 1.0,
    "5": 1.0,
    "6": 1.0
  }
}