{
  "loss": {
    "0": 0.2729405761,
    "1": 0.2610121667,
    "2": 0.2327978164,
    "3": 0.1901136935,
    "4": 0.1755970269,
    "5": 0.1689952612,
    "6": 0.1662672609,
    "7": 0.1632708907,
    "8": 0.162476331,
    "9": 0.1618512273,
    "10": 0.1602680087,
    "11": 0.1590682566,
    "12": 0.1584307253,
    "13": 0.1585499048,
    "14": 0.1571484953,
    "15": 0.1569447964,
    "16": 0.1561409086,
    "17": 0.1558621973,
    "18": 0.1551967561,
    "19": 0.1548161209,
    "20": 0.1551620513,
    "21": 0.1531773508,
    "22": 0.1531779021,
    "23": 0.1537883878,
    "24": 0.1523649544,
    "25": 0.1515383124,
    "26": 0.1525587738,
    "27": 0.1512466967,
    "28": 0.1506899446,
    "29": 0.1502765566,
    "30": 0.149668619,
    "31": 0.1494236887,
    "32": 0.149888441,
    "33": 0.148635447,
    "34": 0.1483380049
  },
  "accuracy": {
    "0": 0.500944376,
    "1": 0.506682694,
    "2": 0.6067547202,
    "3": 0.7191596627,
    "4": 0.7465626001,
    "5": 0.7587755322,
    "6": 0.7636734843,
    "7": 0.7696518898,
    "8": 0.7700279951,
    "9": 0.771268487,
    "10": 0.7738215327,
    "11": 0.7759743929,
    "12": 0.7768467665,
    "13": 0.777559042,
    "14": 0.7797119021,
    "15": 0.7790476084,
    "16": 0.7813125253,
    "17": 0.781888783,
    "18": 0.7820327878,
    "19": 0.7840015888,
    "20": 0.7836494446,
    "21": 0.786162436,
    "22": 0.7868907452,
    "23": 0.7846178412,
    "24": 0.7876750827,
    "25": 0.7895878553,
    "26": 0.7880032063,
    "27": 0.7897959352,
    "28": 0.7891956568,
    "29": 0.7915646434,
    "30": 0.7924929857,
    "31": 0.7926050425,
    "32": 0.7910844088,
    "33": 0.7945178151,
    "34": 0.7943817377
  },
  "get_f1": {
    "0": 0.4008395672,
    "1": 0.4453148544,
    "2": 0.5563492775,
    "3": 0.6929397583,
    "4": 0.7280382514,
    "5": 0.7432246208,
    "6": 0.7499032021,
    "7": 0.7566913366,
    "8": 0.7573609352,
    "9": 0.7588983178,
    "10": 0.761762321,
    "11": 0.7644452453,
    "12": 0.7654696107,
    "13": 0.7667275071,
    "14": 0.7689735293,
    "15": 0.7681123018,
    "16": 0.7708034515,
    "17": 0.7714533806,
    "18": 0.7714208961,
    "19": 0.7737926841,
    "20": 0.7732986808,
    "21": 0.7766463161,
    "22": 0.7771502137,
    "23": 0.7746228576,
    "24": 0.7784782052,
    "25": 0.7802830338,
    "26": 0.7787960172,
    "27": 0.7809330821,
    "28": 0.7803701162,
    "29": 0.7825243473,
    "30": 0.7839694619,
    "31": 0.7841109633,
    "32": 0.7820322514,
    "33": 0.7859580517,
    "34": 0.7862736583
  },
  "val_loss": {
    "0": 0.2630925477,
    "1": 0.2574039698,
    "2": 0.2025164366,
    "3": 0.1811911315,
    "4": 0.1717025489,
    "5": 0.1651119739,
    "6": 0.1629757583,
    "7": 0.1632229686,
    "8": 0.1611447334,
    "9": 0.1597303152,
    "10": 0.1608535945,
    "11": 0.1582338661,
    "12": 0.15834108,
    "13": 0.1556177586,
    "14": 0.1551481932,
    "15": 0.1540597677,
    "16": 0.1547661722,
    "17": 0.1541582793,
    "18": 0.1538934261,
    "19": 0.1574804038,
    "20": 0.1548074484,
    "21": 0.1532244682,
    "22": 0.1546808034,
    "23": 0.1508701444,
    "24": 0.15200454,
    "25": 0.1523994505,
    "26": 0.1520209461,
    "27": 0.152320981,
    "28": 0.1512572616,
    "29": 0.1489342302,
    "30": 0.1495980918,
    "31": 0.1505431831,
    "32": 0.1520951539,
    "33": 0.150938943,
    "34": 0.1485451311
  },
  "val_accuracy": {
    "0": 0.500952363,
    "1": 0.5180498958,
    "2": 0.6933786869,
    "3": 0.7349659801,
    "4": 0.7521088719,
    "5": 0.7629478574,
    "6": 0.7658503652,
    "7": 0.765986383,
    "8": 0.7711564898,
    "9": 0.7725170255,
    "10": 0.7715193033,
    "11": 0.7761904597,
    "12": 0.7743310928,
    "13": 0.7783673406,
    "14": 0.7839909196,
    "15": 0.7822675705,
    "16": 0.7818593979,
    "17": 0.7813152075,
    "18": 0.7845351696,
    "19": 0.7771428823,
    "20": 0.7823129296,
    "21": 0.7843083739,
    "22": 0.7799546719,
    "23": 0.7880725861,
    "24": 0.7851247191,
    "25": 0.7847619057,
    "26": 0.7848979831,
    "27": 0.7848979831,
    "28": 0.7905215621,
    "29": 0.7915192842,
    "30": 0.7909750342,
    "31": 0.7884353995,
    "32": 0.7847165465,
    "33": 0.7874829769,
    "34": 0.7907936573
  },
  "val_get_f1": {
    "0": 0.4613282979,
    "1": 0.446300745,
    "2": 0.6574397087,
    "3": 0.7103267312,
    "4": 0.7294052839,
    "5": 0.7474693656,
    "6": 0.7540003657,
    "7": 0.7502880692,
    "8": 0.7568878531,
    "9": 0.7562636733,
    "10": 0.760859549,
    "11": 0.7624949813,
    "12": 0.7612689734,
    "13": 0.7647770643,
    "14": 0.7699008584,
    "15": 0.7711558342,
    "16": 0.7689267993,
    "17": 0.76922369,
    "18": 0.7726283669,
    "19": 0.7674530149,
    "20": 0.7727784514,
    "21": 0.7743803263,
    "22": 0.76740098,
    "23": 0.7767273188,
    "24": 0.7743636966,
    "25": 0.7735504508,
    "26": 0.7723894715,
    "27": 0.7773420215,
    "28": 0.7791084647,
    "29": 0.7812572122,
    "30": 0.7781971097,
    "31": 0.7756186128,
    "32": 0.7715196013,
    "33": 0.7762007713,
    "34": 0.7769383788
  }
}