{"loss":{"0":0.2692289352,"1":0.2366590053,"2":0.1249997616,"3":0.0801509991,"4":0.085311383,"5":0.0658449158,"6":0.1348637044,"7":0.0626841113,"8":0.0586440079,"9":0.2329792976,"10":0.1208206415,"11":0.0700044781,"12":0.06279172,"13":0.0595438518},"accuracy":{"0":0.4950935841,"1":0.5856186152,"2":0.8378715515,"3":0.9067921042,"4":0.8998644352,"5":0.9250177145,"6":0.8358603716,"7":0.9376186132,"8":0.9387435317,"9":0.6347597241,"10":0.8478178978,"11":0.9252685905,"12":0.9303631783,"13":0.9359149933},"get_f1":{"0":0.4046594203,"1":0.5469516516,"2":0.8338338137,"3":0.9033121467,"4":0.8976546526,"5":0.9187632203,"6":0.8106924891,"7":0.9380159974,"8":0.9390347004,"9":0.5545213223,"10":0.8385444283,"11":0.924521029,"12":0.9284056425,"13":0.9344670177},"val_loss":{"0":0.262712121,"1":0.1939603537,"2":0.0713987574,"3":0.0536718629,"4":0.0897932649,"5":0.456489265,"6":0.0919275135,"7":0.0620903671,"8":0.0480834134,"9":0.2382079363,"10":0.0849352032,"11":0.0508812778,"12":0.0798424259,"13":0.0539742671},"val_accuracy":{"0":0.5083350539,"1":0.7075967193,"2":0.9250876904,"3":0.9482470155,"4":0.9140354395,"5":0.494599998,"6":0.9009882808,"7":0.9371947646,"8":0.9528329968,"9":0.6335098743,"10":0.9063538909,"11":0.9431335926,"12":0.9048634768,"13":0.941069901},"val_get_f1":{"0":0.4897130132,"1":0.7051190734,"2":0.9256843328,"3":0.9486020803,"4":0.913438797,"5":0.0532038808,"6":0.897113204,"7":0.9372089505,"8":0.9531167746,"9":0.5818220377,"10":0.9061307907,"11":0.9438464642,"12":0.9069461823,"13":0.941729486}}