{
  "loss": {
    "0": 0.2734284103,
    "1": 0.2623862326,
    "2": 0.2603665888,
    "3": 0.2591227293,
    "4": 0.2585287988,
    "5": 0.2579693198,
    "6": 0.2575180531,
    "7": 0.2571530938,
    "8": 0.2564828098,
    "9": 0.2561820745,
    "10": 0.2557194829,
    "11": 0.255315125,
    "12": 0.2550257444,
    "13": 0.2549647391,
    "14": 0.2547355592,
    "15": 0.2545304894,
    "16": 0.2545702159,
    "17": 0.2541303337
  },
  "accuracy": {
    "0": 0.4999039471,
    "1": 0.5030412078,
    "2": 0.5070748329,
    "3": 0.5094117522,
    "4": 0.5113245249,
    "5": 0.5128371119,
    "6": 0.5156542659,
    "7": 0.5171508789,
    "8": 0.5192316771,
    "9": 0.5207923055,
    "10": 0.522921145,
    "11": 0.5228091478,
    "12": 0.524897933,
    "13": 0.5248098969,
    "14": 0.5261544585,
    "15": 0.5264905691,
    "16": 0.5278271437,
    "17": 0.5276270509
  },
  "get_f1": {
    "0": 0.3974312842,
    "1": 0.4357339144,
    "2": 0.4479459226,
    "3": 0.4530896842,
    "4": 0.4568688571,
    "5": 0.4543700814,
    "6": 0.463589251,
    "7": 0.4646043777,
    "8": 0.4695499539,
    "9": 0.4740714729,
    "10": 0.4755443037,
    "11": 0.4773148894,
    "12": 0.4804708064,
    "13": 0.4818015695,
    "14": 0.4796603322,
    "15": 0.4845249951,
    "16": 0.4859235585,
    "17": 0.4842022359
  },
  "val_loss": {
    "0": 0.2633521557,
    "1": 0.2615094781,
    "2": 0.2607982159,
    "3": 0.2605438232,
    "4": 0.2600235641,
    "5": 0.2592170537,
    "6": 0.2595767379,
    "7": 0.258358568,
    "8": 0.258671999,
    "9": 0.2581061423,
    "10": 0.2577725351,
    "11": 0.2577727437,
    "12": 0.2579127848,
    "13": 0.2573406696,
    "14": 0.2579346895,
    "15": 0.2571468055,
    "16": 0.2581515312,
    "17": 0.2573796213
  },
  "val_accuracy": {
    "0": 0.4992743731,
    "1": 0.5033106804,
    "2": 0.5024943352,
    "3": 0.50167799,
    "4": 0.5059863925,
    "5": 0.5110657811,
    "6": 0.5069841146,
    "7": 0.5152834654,
    "8": 0.5062584877,
    "9": 0.5180952549,
    "10": 0.5108843446,
    "11": 0.5128344893,
    "12": 0.5219501257,
    "13": 0.5178684592,
    "14": 0.521315217,
    "15": 0.5228571296,
    "16": 0.5191836953,
    "17": 0.5122448802
  },
  "val_get_f1": {
    "0": 0.4631183147,
    "1": 0.4506265819,
    "2": 0.4203191698,
    "3": 0.4284307361,
    "4": 0.4160761535,
    "5": 0.4695449173,
    "6": 0.4328508377,
    "7": 0.4826525748,
    "8": 0.4442485273,
    "9": 0.4869592488,
    "10": 0.4481741786,
    "11": 0.4858295321,
    "12": 0.5274049044,
    "13": 0.4838281572,
    "14": 0.5227057338,
    "15": 0.5042794347,
    "16": 0.5179863572,
    "17": 0.4531791508
  }
}