{"loss":{"0":0.2556126118,"1":0.2529012561,"2":0.251442939,"3":0.2505197227,"4":0.2500549853,"5":0.2495616674,"6":0.249140501},"accuracy":{"0":0.4905482233,"1":0.5045954585,"2":0.5138759613,"3":0.5198014975,"4":0.5242545009,"5":0.5274269581,"6":0.5297415257},"get_f1":{"0":0.441454947,"1":0.4715226293,"2":0.488850832,"3":0.4977998137,"4":0.5029244423,"5":0.5098822117,"6":0.5132416487},"val_loss":{"0":0.2546239197,"1":0.2540427148,"2":0.2537137866,"3":0.253685385,"4":0.2539023757,"5":0.2539316416,"6":0.2536913753},"val_accuracy":{"0":0.495600909,"1":0.4953469336,"2":0.5009342432,"3":0.5008254051,"4":0.5009342432,"5":0.499555558,"6":0.5000272393},"val_get_f1":{"0":0.4093078673,"1":0.4993118644,"2":0.4919922352,"3":0.4815062582,"4":0.4789912701,"5":0.4898280799,"6":0.4810860157}}