{
  "loss": {
    "0": 0.2697855532,
    "1": 0.262601167,
    "2": 0.2609992027,
    "3": 0.2596506476,
    "4": 0.2559762597,
    "5": 0.2291227728,
    "6": 0.1862523109,
    "7": 0.2038839757,
    "8": 0.1866880208,
    "9": 0.1620968133,
    "10": 0.1512300223,
    "11": 0.1310310811,
    "12": 0.1249094531,
    "13": 0.1135069951,
    "14": 0.1119088903,
    "15": 0.1087594181,
    "16": 0.1039887592,
    "17": 0.0975550339,
    "18": 0.0994850025,
    "19": 0.0947464928,
    "20": 0.0917013884,
    "21": 0.0956272557,
    "22": 0.0921399668,
    "23": 0.0883053169,
    "24": 0.088401325,
    "25": 0.0859984085,
    "26": 0.0826024115,
    "27": 0.0890515894
  },
  "accuracy": {
    "0": 0.4939411879,
    "1": 0.500261426,
    "2": 0.5049313903,
    "3": 0.5081012845,
    "4": 0.5244836807,
    "5": 0.6212025881,
    "6": 0.7310326695,
    "7": 0.6879411936,
    "8": 0.7337091565,
    "9": 0.7811045647,
    "10": 0.7998169661,
    "11": 0.8365555406,
    "12": 0.8457483649,
    "13": 0.8660882115,
    "14": 0.867751658,
    "15": 0.8724640608,
    "16": 0.8796797395,
    "17": 0.8896437883,
    "18": 0.8863529563,
    "19": 0.8935882449,
    "20": 0.8982744813,
    "21": 0.8915522695,
    "22": 0.8975327015,
    "23": 0.9029117823,
    "24": 0.9016274214,
    "25": 0.9053529501,
    "26": 0.9098235369,
    "27": 0.9008921385
  },
  "get_f1": {
    "0": 0.4029299021,
    "1": 0.4316891432,
    "2": 0.4431626499,
    "3": 0.4518636465,
    "4": 0.4687004387,
    "5": 0.5787985325,
    "6": 0.7053350806,
    "7": 0.6305681467,
    "8": 0.7164592743,
    "9": 0.7710277438,
    "10": 0.7888572216,
    "11": 0.8315261602,
    "12": 0.8412978053,
    "13": 0.8636046648,
    "14": 0.8650881648,
    "15": 0.8692784309,
    "16": 0.8776756525,
    "17": 0.8882036209,
    "18": 0.8845471144,
    "19": 0.8927692175,
    "20": 0.8971699476,
    "21": 0.8901189566,
    "22": 0.8966833353,
    "23": 0.9019328356,
    "24": 0.9002553821,
    "25": 0.904451251,
    "26": 0.9091681242,
    "27": 0.898540616
  },
  "val_loss": {
    "0": 0.263920784,
    "1": 0.2625470161,
    "2": 0.2605140209,
    "3": 0.2604993284,
    "4": 0.2495340109,
    "5": 0.1998368204,
    "6": 0.1751129627,
    "7": 0.2166620791,
    "8": 0.1651436836,
    "9": 0.1625768542,
    "10": 0.1240452528,
    "11": 0.1237729564,
    "12": 0.1098479703,
    "13": 0.1455904096,
    "14": 0.0970539376,
    "15": 0.1127918139,
    "16": 0.0960063636,
    "17": 0.1006179824,
    "18": 0.093521215,
    "19": 0.0953846052,
    "20": 0.0976788625,
    "21": 0.094604902,
    "22": 0.0787219852,
    "23": 0.0864456072,
    "24": 0.1078424603,
    "25": 0.0813670978,
    "26": 0.0891513601,
    "27": 0.0818841606
  },
  "val_accuracy": {
    "0": 0.4959259331,
    "1": 0.498777777,
    "2": 0.5037592649,
    "3": 0.5090370178,
    "4": 0.5513333082,
    "5": 0.7081481218,
    "6": 0.756962955,
    "7": 0.6709814668,
    "8": 0.7811666727,
    "9": 0.7913518548,
    "10": 0.8499259353,
    "11": 0.8461666703,
    "12": 0.8715741038,
    "13": 0.8275185227,
    "14": 0.8921481371,
    "15": 0.8630555272,
    "16": 0.8949999809,
    "17": 0.8860555291,
    "18": 0.8947036862,
    "19": 0.8897963166,
    "20": 0.8845000267,
    "21": 0.8931111097,
    "22": 0.9194629788,
    "23": 0.9024814963,
    "24": 0.8798888922,
    "25": 0.9112407565,
    "26": 0.9007962942,
    "27": 0.9133333564
  },
  "val_get_f1": {
    "0": 0.4540305436,
    "1": 0.3710512519,
    "2": 0.4412421584,
    "3": 0.4580731094,
    "4": 0.5637199283,
    "5": 0.7096213698,
    "6": 0.7541941404,
    "7": 0.6565185785,
    "8": 0.786459446,
    "9": 0.7998776436,
    "10": 0.8489550352,
    "11": 0.8505313993,
    "12": 0.8710477352,
    "13": 0.8435339332,
    "14": 0.8922745585,
    "15": 0.8556343913,
    "16": 0.8923491836,
    "17": 0.8914484382,
    "18": 0.8980587721,
    "19": 0.893599689,
    "20": 0.8845142722,
    "21": 0.8893019557,
    "22": 0.9198184013,
    "23": 0.9050801396,
    "24": 0.8880137205,
    "25": 0.9135028124,
    "26": 0.8963874578,
    "27": 0.9146844149
  }
}