{"loss":{"0":0.2677224576,"1":0.2595620155,"2":0.2577810585,"3":0.2555528581,"4":0.2440020144,"5":0.2064424008,"6":0.163491115,"7":0.1311147511,"8":0.1217750236,"9":0.1135926619,"10":0.1012734622,"11":0.1714197695,"12":0.1252773255,"13":0.1011663526,"14":0.0931080952,"15":0.0905974358,"16":0.0859226286,"17":0.0873660296,"18":0.0891805887,"19":0.0893496722,"20":0.0843372494,"21":0.0825437605,"22":0.0816223994,"23":0.0822402984,"24":0.0789461955,"25":0.0901825055,"26":0.0773412511,"27":0.0809541121,"28":0.0771751404,"29":0.0779138207,"30":0.0752271339,"31":0.0849228799,"32":0.0735404268,"33":0.0743660629,"34":0.0728225783,"35":0.0765510201,"36":0.0713140145,"37":0.0699503869,"38":0.0706326962,"39":0.070229888,"40":0.068286933,"41":0.0758263692,"42":0.0659550577},"accuracy":{"0":0.4941699207,"1":0.5005130768,"2":0.5034640431,"3":0.5145032406,"4":0.566003263,"5":0.6819477081,"6":0.7754607797,"7":0.8338692784,"8":0.8503267765,"9":0.8639869094,"10":0.8834575415,"11":0.7500718832,"12":0.8439509869,"13":0.8823725581,"14":0.895173192,"15":0.8993790746,"16":0.9063954353,"17":0.9046372771,"18":0.9008398652,"19":0.9012745023,"20":0.9076535702,"21":0.9098888636,"22":0.9115784168,"23":0.9102320075,"24":0.9147025943,"25":0.8979052305,"26":0.9162352681,"27":0.9117091298,"28":0.9156568646,"29":0.9161666632,"30":0.9189771414,"31":0.9053562284,"32":0.9217647314,"33":0.9193595052,"34":0.9209215641,"35":0.9149934649,"36":0.9235882163,"37":0.9244869351,"38":0.9227451086,"39":0.9226340055,"40":0.9252287745,"41":0.9150294065,"42":0.927960813},"get_f1":{"0":0.4093612134,"1":0.4378114939,"2":0.4480699897,"3":0.4671372175,"4":0.5184581876,"5":0.6454734206,"6":0.7527699471,"7":0.8285037875,"8":0.8438835144,"9":0.8601207137,"10":0.8825034499,"11":0.7132789493,"12":0.8393332362,"13":0.8784013391,"14":0.8942272663,"15":0.8990556598,"16":0.9063402414,"17":0.904484272,"18":0.9000772834,"19":0.8992201686,"20":0.9075630307,"21":0.9098837972,"22":0.9113778472,"23":0.9101496935,"24":0.9147548079,"25":0.8950303793,"26":0.9163031578,"27":0.9117643237,"28":0.9155424833,"29":0.9163350463,"30":0.9191069603,"31":0.9037234187,"32":0.9219376445,"33":0.9192294478,"34":0.9210706949,"35":0.9144499302,"36":0.9236564636,"37":0.9246265888,"38":0.922659874,"39":0.9225850105,"40":0.925219655,"41":0.9146777391,"42":0.9279945493},"val_loss":{"0":0.2602352798,"1":0.2587920427,"2":0.2580735385,"3":0.2535251677,"4":0.2517169416,"5":0.2128625363,"6":0.1420370936,"7":0.1131696329,"8":0.1230994165,"9":0.0950702578,"10":0.0942756906,"11":0.1886661649,"12":0.0882944912,"13":0.0933239385,"14":0.1074834242,"15":0.1067373529,"16":0.1136747599,"17":0.0822290778,"18":0.0881265178,"19":0.078934744,"20":0.0775556788,"21":0.0925647095,"22":0.0866273344,"23":0.0749038905,"24":0.083390221,"25":0.0732196867,"26":0.1092723459,"27":0.0680383071,"28":0.0741630197,"29":0.0667785108,"30":0.0712996572,"31":0.0744031444,"32":0.0654751807,"33":0.0641798154,"34":0.0829047486,"35":0.071644105,"36":0.0631494671,"37":0.0630935878,"38":0.0823490769,"39":0.0624358803,"40":0.108789891,"41":0.0848104507,"42":0.0711397901},"val_accuracy":{"0":0.4982036948,"1":0.5,"2":0.5043518543,"3":0.5207222104,"4":0.563370347,"5":0.6825185418,"6":0.8197036982,"7":0.8671481609,"8":0.8427592516,"9":0.8961296082,"10":0.8934259415,"11":0.7308148146,"12":0.9043703675,"13":0.8918889165,"14":0.8630185127,"15":0.865611136,"16":0.8474259377,"17":0.9150000215,"18":0.8993148208,"19":0.9187963009,"20":0.9164259434,"21":0.8869629502,"22":0.8956851959,"23":0.9194259048,"24":0.9055740833,"25":0.9236296415,"26":0.8555555344,"27":0.9315740466,"28":0.9198703766,"29":0.9322777987,"30":0.9260370135,"31":0.9224444628,"32":0.933611095,"33":0.9356666803,"34":0.9039999843,"35":0.9259444475,"36":0.9366111159,"37":0.9375740886,"38":0.896666646,"39":0.9353703856,"40":0.8467962742,"41":0.9010000229,"42":0.9239814878},"val_get_f1":{"0":0.4642696679,"1":0.4269456565,"2":0.4994549453,"3":0.4075063467,"4":0.5239326358,"5":0.7058936357,"6":0.8294548392,"7":0.8617985845,"8":0.8396918774,"9":0.8944984674,"10":0.8961634636,"11":0.7182395458,"12":0.9054669738,"13":0.8954050541,"14":0.8690247536,"15":0.873314023,"16":0.8558961153,"17":0.9134829044,"18":0.9028987288,"19":0.9180101752,"20":0.9181916118,"21":0.8919368982,"22":0.8988943696,"23":0.9207103848,"24":0.9092059135,"25":0.9243194461,"26":0.8649882674,"27":0.9320141077,"28":0.9219965339,"29":0.9330348969,"30":0.9270700812,"31":0.9213314056,"32":0.934360981,"33":0.935982585,"34":0.9003606439,"35":0.9264354706,"36":0.9369057417,"37":0.9376542568,"38":0.8996061683,"39":0.935946703,"40":0.8548897505,"41":0.9053432345,"42":0.9229417443}}