{
  "loss": {
    "0": 0.2683415711,
    "1": 0.2602021992,
    "2": 0.2584369183,
    "3": 0.2567573786,
    "4": 0.2509749532,
    "5": 0.2293228507,
    "6": 0.2056860775,
    "7": 0.1928706914,
    "8": 0.180401355,
    "9": 0.1735901386,
    "10": 0.166709289,
    "11": 0.1659936309,
    "12": 0.1564575434,
    "13": 0.1519574523,
    "14": 0.1472051293,
    "15": 0.1444842368,
    "16": 0.1418574899,
    "17": 0.1380339712,
    "18": 0.1311474144,
    "19": 0.1333170086,
    "20": 0.1292666495,
    "21": 0.1245556697,
    "22": 0.1253647208,
    "23": 0.1277366877,
    "24": 0.1239011511,
    "25": 0.1189926118,
    "26": 0.126787737,
    "27": 0.1206527725
  },
  "accuracy": {
    "0": 0.4902665019,
    "1": 0.4970372021,
    "2": 0.5012565255,
    "3": 0.5081936717,
    "4": 0.5329492092,
    "5": 0.5981368423,
    "6": 0.6556478739,
    "7": 0.684600234,
    "8": 0.7107899189,
    "9": 0.7267515063,
    "10": 0.7423481345,
    "11": 0.7478319407,
    "12": 0.7646354437,
    "13": 0.7742136717,
    "14": 0.784784317,
    "15": 0.7908891439,
    "16": 0.79538697,
    "17": 0.8023465276,
    "18": 0.8133045435,
    "19": 0.8108331561,
    "20": 0.8180456161,
    "21": 0.8242529035,
    "22": 0.8240352273,
    "23": 0.8202033043,
    "24": 0.8265450001,
    "25": 0.8332869411,
    "26": 0.821605444,
    "27": 0.8306458592
  },
  "get_f1": {
    "0": 0.4037377238,
    "1": 0.4338470101,
    "2": 0.4433523118,
    "3": 0.4544787407,
    "4": 0.4913714826,
    "5": 0.5811980963,
    "6": 0.6599812508,
    "7": 0.6866970062,
    "8": 0.7175844908,
    "9": 0.7280164957,
    "10": 0.7420655489,
    "11": 0.7421066165,
    "12": 0.7639536858,
    "13": 0.7707073689,
    "14": 0.7813438773,
    "15": 0.7875776887,
    "16": 0.7911991477,
    "17": 0.7987623215,
    "18": 0.8102865219,
    "19": 0.8066422343,
    "20": 0.8156661987,
    "21": 0.822078228,
    "22": 0.8216132522,
    "23": 0.816675663,
    "24": 0.8244627118,
    "25": 0.8305053711,
    "26": 0.818334043,
    "27": 0.826331377
  },
  "val_loss": {
    "0": 0.2617174983,
    "1": 0.2592385709,
    "2": 0.2583055198,
    "3": 0.2565981746,
    "4": 0.2501428127,
    "5": 0.2131532729,
    "6": 0.211799264,
    "7": 0.1835977733,
    "8": 0.1962474734,
    "9": 0.1697535664,
    "10": 0.1530356556,
    "11": 0.1816300899,
    "12": 0.1636921614,
    "13": 0.1385154575,
    "14": 0.1408969909,
    "15": 0.1400918961,
    "16": 0.1290435046,
    "17": 0.1261250824,
    "18": 0.156554535,
    "19": 0.1309364587,
    "20": 0.1212837994,
    "21": 0.1191447675,
    "22": 0.1105428264,
    "23": 0.1291890889,
    "24": 0.1453542709,
    "25": 0.2764411867,
    "26": 0.1148595065,
    "27": 0.1364789158
  },
  "val_accuracy": {
    "0": 0.4941678047,
    "1": 0.4989387691,
    "2": 0.5026031733,
    "3": 0.510185957,
    "4": 0.5403174758,
    "5": 0.6402539611,
    "6": 0.6332517266,
    "7": 0.7038730383,
    "8": 0.6751382947,
    "9": 0.7542494535,
    "10": 0.7717732191,
    "11": 0.7098050117,
    "12": 0.7606530786,
    "13": 0.8108662367,
    "14": 0.8082721233,
    "15": 0.7940317392,
    "16": 0.8290612102,
    "17": 0.8254512548,
    "18": 0.7566440105,
    "19": 0.8090884089,
    "20": 0.8299682736,
    "21": 0.8378775716,
    "22": 0.851773262,
    "23": 0.8249977231,
    "24": 0.7899682522,
    "25": 0.6602630615,
    "26": 0.8461315036,
    "27": 0.8168344498
  },
  "val_get_f1": {
    "0": 0.3864800334,
    "1": 0.3874624372,
    "2": 0.4564965069,
    "3": 0.4353598952,
    "4": 0.5323098302,
    "5": 0.6042789817,
    "6": 0.5523052216,
    "7": 0.7346143126,
    "8": 0.6216593981,
    "9": 0.7352868319,
    "10": 0.7773596644,
    "11": 0.7116077542,
    "12": 0.7318085432,
    "13": 0.806686461,
    "14": 0.8002944589,
    "15": 0.8018069267,
    "16": 0.8224443197,
    "17": 0.8260869384,
    "18": 0.7650308609,
    "19": 0.8163446188,
    "20": 0.8329014182,
    "21": 0.8373398781,
    "22": 0.8530792594,
    "23": 0.8229596019,
    "24": 0.8010798097,
    "25": 0.6679964662,
    "26": 0.8436089754,
    "27": 0.8174545169
  }
}