{
  "loss": {
    "0": 0.2737389207,
    "1": 0.2597135007,
    "2": 0.1312684119,
    "3": 0.06729839,
    "4": 0.0597990416,
    "5": 0.0573338754,
    "6": 0.055186633,
    "7": 0.0542560779,
    "8": 0.0542393513,
    "9": 0.0533106849,
    "10": 0.0533711128,
    "11": 0.0528918765,
    "12": 0.0521966703,
    "13": 0.051802773,
    "14": 0.0516901165,
    "15": 0.0513373688,
    "16": 0.051215183,
    "17": 0.0511578992,
    "18": 0.0509306565,
    "19": 0.0505434759
  },
  "accuracy": {
    "0": 0.5002002716,
    "1": 0.5183145404,
    "2": 0.823712945,
    "3": 0.9345098138,
    "4": 0.9457071424,
    "5": 0.9487192035,
    "6": 0.9522736669,
    "7": 0.9533583522,
    "8": 0.9532999396,
    "9": 0.9548768997,
    "10": 0.9544764161,
    "11": 0.9557780623,
    "12": 0.9561868906,
    "13": 0.9568043351,
    "14": 0.9563704729,
    "15": 0.9574050903,
    "16": 0.9579390883,
    "17": 0.9583228827,
    "18": 0.9584563971,
    "19": 0.9588151574
  },
  "get_f1": {
    "0": 0.3971349001,
    "1": 0.4474746585,
    "2": 0.8135898113,
    "3": 0.9353029728,
    "4": 0.9464116693,
    "5": 0.9494063854,
    "6": 0.9529137015,
    "7": 0.9538974166,
    "8": 0.9539365768,
    "9": 0.9554274082,
    "10": 0.9550477266,
    "11": 0.9563074708,
    "12": 0.9567445517,
    "13": 0.9573199153,
    "14": 0.9569455981,
    "15": 0.9579206705,
    "16": 0.9584563971,
    "17": 0.958855629,
    "18": 0.9590032697,
    "19": 0.9593915343
  },
  "val_loss": {
    "0": 0.2657849789,
    "1": 0.2385546416,
    "2": 0.0772019625,
    "3": 0.0639974773,
    "4": 0.0596788526,
    "5": 0.056190528,
    "6": 0.055135645,
    "7": 0.0571743473,
    "8": 0.0551616251,
    "9": 0.0546044633,
    "10": 0.0539082512,
    "11": 0.0532349274,
    "12": 0.0522335507,
    "13": 0.0525907576,
    "14": 0.0527934879,
    "15": 0.0519129597,
    "16": 0.0530627482,
    "17": 0.053899508,
    "18": 0.0519352145,
    "19": 0.0516284741
  },
  "val_accuracy": {
    "0": 0.5017493963,
    "1": 0.5943262577,
    "2": 0.9209456444,
    "3": 0.9397636056,
    "4": 0.9468557835,
    "5": 0.9520567656,
    "6": 0.9499763846,
    "7": 0.9460047483,
    "8": 0.952198565,
    "9": 0.9542789459,
    "10": 0.9541370869,
    "11": 0.9548463225,
    "12": 0.9553664327,
    "13": 0.9563120604,
    "14": 0.9565957189,
    "15": 0.9566903114,
    "16": 0.9526241422,
    "17": 0.9550354481,
    "18": 0.9554136992,
    "19": 0.956879437
  },
  "val_get_f1": {
    "0": 0.4856760204,
    "1": 0.4845404327,
    "2": 0.9191141129,
    "3": 0.9379575849,
    "4": 0.9468697906,
    "5": 0.9513073564,
    "6": 0.9496150613,
    "7": 0.9462684393,
    "8": 0.9511934519,
    "9": 0.9539627433,
    "10": 0.9535175562,
    "11": 0.9541292191,
    "12": 0.9546900392,
    "13": 0.9567897916,
    "14": 0.9569426179,
    "15": 0.9559797645,
    "16": 0.9524191022,
    "17": 0.9551343322,
    "18": 0.9556434751,
    "19": 0.9567329288
  }
}