{
  "loss": {
    "0": 0.2736105919,
    "1": 0.2624287307,
    "2": 0.2601245046,
    "3": 0.2585386038,
    "4": 0.1772124171,
    "5": 0.0653879642,
    "6": 0.0535301454,
    "7": 0.0962752923,
    "8": 0.088800244,
    "9": 0.0553955846,
    "10": 0.037925031,
    "11": 0.0435849503
  },
  "accuracy": {
    "0": 0.5012098551,
    "1": 0.5046892166,
    "2": 0.5067918301,
    "3": 0.5087108612,
    "4": 0.7235544324,
    "5": 0.9351522923,
    "6": 0.9506466389,
    "7": 0.8883854747,
    "8": 0.9028201699,
    "9": 0.946107626,
    "10": 0.9648310542,
    "11": 0.9569461942
  },
  "get_f1": {
    "0": 0.3965095878,
    "1": 0.4320378602,
    "2": 0.4446001947,
    "3": 0.4490742981,
    "4": 0.7101592422,
    "5": 0.9352018833,
    "6": 0.951328516,
    "7": 0.8850298524,
    "8": 0.903503716,
    "9": 0.9466069341,
    "10": 0.9650054574,
    "11": 0.9567376971
  },
  "val_loss": {
    "0": 0.2648819685,
    "1": 0.2612808049,
    "2": 0.2593601346,
    "3": 0.2577901781,
    "4": 0.0649683625,
    "5": 0.1045292541,
    "6": 0.027442323,
    "7": 0.1026320681,
    "8": 0.0568246432,
    "9": 0.0425763428,
    "10": 0.0282815732,
    "11": 0.0438212119
  },
  "val_accuracy": {
    "0": 0.50784868,
    "1": 0.5093616843,
    "2": 0.5066666603,
    "3": 0.5140425563,
    "4": 0.9361702204,
    "5": 0.8727186918,
    "6": 0.9789597988,
    "7": 0.8930023909,
    "8": 0.9447754025,
    "9": 0.962033093,
    "10": 0.9730496407,
    "11": 0.9596217275
  },
  "val_get_f1": {
    "0": 0.4970279634,
    "1": 0.4951942265,
    "2": 0.4157204926,
    "3": 0.4335000813,
    "4": 0.9381930828,
    "5": 0.8787660003,
    "6": 0.9795482159,
    "7": 0.8913730979,
    "8": 0.9464700818,
    "9": 0.9627310038,
    "10": 0.9739508033,
    "11": 0.9608550668
  }
}