{
  "loss": {
    "0": 0.2706339955,
    "1": 0.2596364021,
    "2": 0.2312420607,
    "3": 0.1855178773,
    "4": 0.1722432822,
    "5": 0.1696282178,
    "6": 0.1661020517,
    "7": 0.1647100747,
    "8": 0.1638843268,
    "9": 0.1617090255,
    "10": 0.1613707393,
    "11": 0.1612738073,
    "12": 0.1606687307,
    "13": 0.1593591124,
    "14": 0.1586617678,
    "15": 0.1588020027,
    "16": 0.1578744799,
    "17": 0.1575241387,
    "18": 0.1564486027,
    "19": 0.1558675319,
    "20": 0.1560234129,
    "21": 0.1554731727,
    "22": 0.1548503041,
    "23": 0.1540118307,
    "24": 0.1537141502,
    "25": 0.1532777995,
    "26": 0.1527437568
  },
  "accuracy": {
    "0": 0.5030173063,
    "1": 0.508120656,
    "2": 0.6054167747,
    "3": 0.7277600765,
    "4": 0.7523150444,
    "5": 0.7575697899,
    "6": 0.7646114826,
    "7": 0.766716361,
    "8": 0.7683518529,
    "9": 0.77252388,
    "10": 0.7723648548,
    "11": 0.7725465894,
    "12": 0.7731598616,
    "13": 0.7755298018,
    "14": 0.7763021588,
    "15": 0.7767791748,
    "16": 0.7796715498,
    "17": 0.7791718245,
    "18": 0.7814508677,
    "19": 0.7824427485,
    "20": 0.7820869088,
    "21": 0.7832680941,
    "22": 0.7833967805,
    "23": 0.7854033113,
    "24": 0.7864179015,
    "25": 0.7870312333,
    "26": 0.7877354026
  },
  "get_f1": {
    "0": 0.4094997644,
    "1": 0.4423306584,
    "2": 0.5599606037,
    "3": 0.7042063475,
    "4": 0.7353328466,
    "5": 0.7416307926,
    "6": 0.7500368953,
    "7": 0.752112329,
    "8": 0.7556645274,
    "9": 0.7600306273,
    "10": 0.7595185637,
    "11": 0.7601803541,
    "12": 0.7610191107,
    "13": 0.7638100386,
    "14": 0.7650523782,
    "15": 0.7646208405,
    "16": 0.7683417797,
    "17": 0.7682333589,
    "18": 0.7697971463,
    "19": 0.7716082931,
    "20": 0.7711372375,
    "21": 0.7725117803,
    "22": 0.7730423212,
    "23": 0.7752088904,
    "24": 0.7772051692,
    "25": 0.7775823474,
    "26": 0.7776497006
  },
  "val_loss": {
    "0": 0.2609897256,
    "1": 0.2572837174,
    "2": 0.1991811693,
    "3": 0.1813818365,
    "4": 0.1722334325,
    "5": 0.1677768528,
    "6": 0.1687541157,
    "7": 0.1706570089,
    "8": 0.1739696264,
    "9": 0.1630358845,
    "10": 0.1626179218,
    "11": 0.1752918214,
    "12": 0.1632339209,
    "13": 0.1612951308,
    "14": 0.1619497687,
    "15": 0.1593800038,
    "16": 0.1627380997,
    "17": 0.1586667001,
    "18": 0.1607167721,
    "19": 0.1602066457,
    "20": 0.1601735353,
    "21": 0.1579575241,
    "22": 0.1674678028,
    "23": 0.1626773328,
    "24": 0.1618563384,
    "25": 0.159209922,
    "26": 0.1559051424
  },
  "val_accuracy": {
    "0": 0.4998927414,
    "1": 0.5085167289,
    "2": 0.6977732182,
    "3": 0.7378469706,
    "4": 0.7518771291,
    "5": 0.7591281533,
    "6": 0.7607156634,
    "7": 0.7576693892,
    "8": 0.7515767813,
    "9": 0.7719569206,
    "10": 0.7716136575,
    "11": 0.7514480352,
    "12": 0.770626843,
    "13": 0.7754322886,
    "14": 0.7726863027,
    "15": 0.7769339681,
    "16": 0.772729218,
    "17": 0.7766765356,
    "18": 0.7753893733,
    "19": 0.7745741606,
    "20": 0.7787789106,
    "21": 0.7822113633,
    "22": 0.7597717643,
    "23": 0.7741880417,
    "24": 0.7713991404,
    "25": 0.7793796062,
    "26": 0.7832840085
  },
  "val_get_f1": {
    "0": 0.4092623889,
    "1": 0.4296635389,
    "2": 0.6535707712,
    "3": 0.7216803432,
    "4": 0.7358475327,
    "5": 0.7425293922,
    "6": 0.7503180504,
    "7": 0.747269392,
    "8": 0.7381952405,
    "9": 0.7599803805,
    "10": 0.7605626583,
    "11": 0.7404165864,
    "12": 0.7622831464,
    "13": 0.7628213763,
    "14": 0.7617945075,
    "15": 0.7657227516,
    "16": 0.7664635777,
    "17": 0.7644862533,
    "18": 0.7625126243,
    "19": 0.7634549737,
    "20": 0.7679035664,
    "21": 0.7757208347,
    "22": 0.7488524318,
    "23": 0.7714197636,
    "24": 0.7614936829,
    "25": 0.7739090919,
    "26": 0.7720791698
  }
}