{
  "loss": {
    "0": 0.2729042768,
    "1": 0.1981672198,
    "2": 0.0755874962,
    "3": 0.0625577569,
    "4": 0.0592648499,
    "5": 0.0568704754,
    "6": 0.0547308065,
    "7": 0.0537389219,
    "8": 0.0533760749,
    "9": 0.0530599393,
    "10": 0.0525529496,
    "11": 0.0527203791,
    "12": 0.0519376583,
    "13": 0.0515848137,
    "14": 0.0509597734,
    "15": 0.0512386039,
    "16": 0.0509123728,
    "17": 0.0508008562,
    "18": 0.0504679382,
    "19": 0.0500496216,
    "20": 0.0497882776,
    "21": 0.0499292724,
    "22": 0.0505344607,
    "23": 0.0497208722,
    "24": 0.0495393686,
    "25": 0.0497425683,
    "26": 0.0494957268,
    "27": 0.049417384,
    "28": 0.0491854101,
    "29": 0.0486590527
  },
  "accuracy": {
    "0": 0.4996078312,
    "1": 0.6695202589,
    "2": 0.9209595323,
    "3": 0.9402586818,
    "4": 0.9450896978,
    "5": 0.9492365718,
    "6": 0.9527659416,
    "7": 0.954159379,
    "8": 0.9544931054,
    "9": 0.9551522732,
    "10": 0.9561368227,
    "11": 0.9559866786,
    "12": 0.9567292333,
    "13": 0.9580559134,
    "14": 0.9584397078,
    "15": 0.9577471614,
    "16": 0.9591322541,
    "17": 0.9588235021,
    "18": 0.9594492912,
    "19": 0.9601334929,
    "20": 0.9606591463,
    "21": 0.9608010054,
    "22": 0.9591239095,
    "23": 0.960083425,
    "24": 0.9607092142,
    "25": 0.9605339766,
    "26": 0.9607843161,
    "27": 0.9610429406,
    "28": 0.9610763192,
    "29": 0.9618189335
  },
  "get_f1": {
    "0": 0.3969922662,
    "1": 0.6300683618,
    "2": 0.921790719,
    "3": 0.9410620332,
    "4": 0.9458526969,
    "5": 0.9499194026,
    "6": 0.9534037709,
    "7": 0.9547587037,
    "8": 0.955117166,
    "9": 0.9557574987,
    "10": 0.9566712976,
    "11": 0.9565343857,
    "12": 0.9572955966,
    "13": 0.9585360885,
    "14": 0.9589461684,
    "15": 0.9582779408,
    "16": 0.9596584439,
    "17": 0.9593356848,
    "18": 0.9599635601,
    "19": 0.9606627226,
    "20": 0.9611580968,
    "21": 0.9612709284,
    "22": 0.959636867,
    "23": 0.9605967999,
    "24": 0.9611693621,
    "25": 0.9610034823,
    "26": 0.9612730145,
    "27": 0.9615038037,
    "28": 0.9615800977,
    "29": 0.9622793794
  },
  "val_loss": {
    "0": 0.2621876597,
    "1": 0.0938840136,
    "2": 0.0664624199,
    "3": 0.0673739612,
    "4": 0.0603368692,
    "5": 0.0555312,
    "6": 0.0552963465,
    "7": 0.0566556081,
    "8": 0.0537771843,
    "9": 0.0588048361,
    "10": 0.0533804819,
    "11": 0.0525661595,
    "12": 0.0515594929,
    "13": 0.0530794449,
    "14": 0.0536357947,
    "15": 0.0510101877,
    "16": 0.0518980883,
    "17": 0.0543115698,
    "18": 0.0530293472,
    "19": 0.0505345352,
    "20": 0.0521291941,
    "21": 0.0511562526,
    "22": 0.050214,
    "23": 0.0526628569,
    "24": 0.050338041,
    "25": 0.0512420237,
    "26": 0.0498147309,
    "27": 0.0497269481,
    "28": 0.0502157025,
    "29": 0.0504955985
  },
  "val_accuracy": {
    "0": 0.5080851316,
    "1": 0.8930496573,
    "2": 0.9352718592,
    "3": 0.9324822426,
    "4": 0.9437352419,
    "5": 0.9508274198,
    "6": 0.9528605342,
    "7": 0.9475177526,
    "8": 0.9569739699,
    "9": 0.9477541447,
    "10": 0.9570685625,
    "11": 0.954420805,
    "12": 0.9575413465,
    "13": 0.9532860518,
    "14": 0.9542316794,
    "15": 0.9574468136,
    "16": 0.9550827146,
    "17": 0.9526241422,
    "18": 0.9527186751,
    "19": 0.9588179588,
    "20": 0.9577777982,
    "21": 0.9571630955,
    "22": 0.9604728222,
    "23": 0.9552245736,
    "24": 0.9611820579,
    "25": 0.9577777982,
    "26": 0.9587234259,
    "27": 0.9592908025,
    "28": 0.9591489434,
    "29": 0.9599054456
  },
  "val_get_f1": {
    "0": 0.4900060892,
    "1": 0.8919714093,
    "2": 0.9356680512,
    "3": 0.9333258271,
    "4": 0.9442676306,
    "5": 0.9509656429,
    "6": 0.9524772167,
    "7": 0.9475494623,
    "8": 0.9559736252,
    "9": 0.9477766156,
    "10": 0.9569618702,
    "11": 0.9547614455,
    "12": 0.956971705,
    "13": 0.9534841776,
    "14": 0.9545990229,
    "15": 0.9573699832,
    "16": 0.9549084306,
    "17": 0.9527568221,
    "18": 0.9524632096,
    "19": 0.9586614966,
    "20": 0.9571503997,
    "21": 0.9571393728,
    "22": 0.959954679,
    "23": 0.955034256,
    "24": 0.9604873657,
    "25": 0.9581652284,
    "26": 0.9581270814,
    "27": 0.958630383,
    "28": 0.9585365057,
    "29": 0.9595592022
  }
}