{
  "loss": {
    "0": 0.270552367,
    "1": 0.2594499588,
    "2": 0.2581100762,
    "3": 0.2572002709,
    "4": 0.2563659251,
    "5": 0.2271354049,
    "6": 0.1123795584,
    "7": 0.0697428957,
    "8": 0.071160309,
    "9": 0.0460584983,
    "10": 0.0644611269,
    "11": 0.0365866721,
    "12": 0.0355925076,
    "13": 0.0767716691,
    "14": 0.0366909802,
    "15": 0.0340456516,
    "16": 0.0337361731,
    "17": 0.0330547057
  },
  "accuracy": {
    "0": 0.5011124611,
    "1": 0.503393352,
    "2": 0.5084993839,
    "3": 0.5107722878,
    "4": 0.51385355,
    "5": 0.6170628071,
    "6": 0.8678911328,
    "7": 0.9255702496,
    "8": 0.9181672931,
    "9": 0.9525170326,
    "10": 0.9267787337,
    "11": 0.9612004757,
    "12": 0.9628571272,
    "13": 0.90839535,
    "14": 0.9620808363,
    "15": 0.9647138715,
    "16": 0.9651220441,
    "17": 0.9652740955
  },
  "get_f1": {
    "0": 0.4014839828,
    "1": 0.44166857,
    "2": 0.4500038624,
    "3": 0.4553222954,
    "4": 0.4624250233,
    "5": 0.5731934905,
    "6": 0.8637388349,
    "7": 0.9249997139,
    "8": 0.9106404781,
    "9": 0.952429533,
    "10": 0.924995482,
    "11": 0.9611199498,
    "12": 0.9627712369,
    "13": 0.9042509198,
    "14": 0.9620185494,
    "15": 0.9646520615,
    "16": 0.9650575519,
    "17": 0.9652309418
  },
  "val_loss": {
    "0": 0.2605813444,
    "1": 0.2589610219,
    "2": 0.2575444281,
    "3": 0.2571830153,
    "4": 0.256754458,
    "5": 0.147481814,
    "6": 0.0745990649,
    "7": 0.0501560718,
    "8": 0.0477939136,
    "9": 0.0369020067,
    "10": 0.0366192795,
    "11": 0.0316885822,
    "12": 0.0301149506,
    "13": 0.0387862325,
    "14": 0.0361172184,
    "15": 0.0302244164,
    "16": 0.0322512984,
    "17": 0.0341173224
  },
  "val_accuracy": {
    "0": 0.5037641525,
    "1": 0.5008617043,
    "2": 0.5102494359,
    "3": 0.5068933964,
    "4": 0.5028117895,
    "5": 0.8081179261,
    "6": 0.9172335863,
    "7": 0.9475737214,
    "8": 0.9512017965,
    "9": 0.9614965916,
    "10": 0.9636734724,
    "11": 0.9658957124,
    "12": 0.9698412418,
    "13": 0.9592290521,
    "14": 0.9658503532,
    "15": 0.9668480754,
    "16": 0.9669841528,
    "17": 0.9651700854
  },
  "val_get_f1": {
    "0": 0.4501696527,
    "1": 0.4384105802,
    "2": 0.4526471794,
    "3": 0.4567958713,
    "4": 0.3766940534,
    "5": 0.7975770831,
    "6": 0.914984107,
    "7": 0.9479185343,
    "8": 0.9515524507,
    "9": 0.9613196254,
    "10": 0.9633809924,
    "11": 0.9664462805,
    "12": 0.9702237844,
    "13": 0.9600375891,
    "14": 0.9663367271,
    "15": 0.9673649073,
    "16": 0.9674886465,
    "17": 0.9657162428
  }
}