{
  "loss": {
    "0": 0.2752020061,
    "1": 0.2640992403,
    "2": 0.2615664005,
    "3": 0.2595866323,
    "4": 0.2583134472,
    "5": 0.2564699948,
    "6": 0.1919063032,
    "7": 0.0893454775,
    "8": 0.1090689451,
    "9": 0.0513132438,
    "10": 0.0403501801,
    "11": 0.0276134722,
    "12": 0.0242847074,
    "13": 0.1587865502,
    "14": 0.2633258104,
    "15": 0.1463427246,
    "16": 0.094744578,
    "17": 0.0607424863
  },
  "accuracy": {
    "0": 0.5021276474,
    "1": 0.5036545396,
    "2": 0.5070671439,
    "3": 0.5079683065,
    "4": 0.5094785094,
    "5": 0.5186900496,
    "6": 0.7049144506,
    "7": 0.89577806,
    "8": 0.8693199754,
    "9": 0.950571537,
    "10": 0.9602836967,
    "11": 0.9732165337,
    "12": 0.9756945968,
    "13": 0.7769962549,
    "14": 0.5430955291,
    "15": 0.8027200699,
    "16": 0.8878598213,
    "17": 0.9376804233
  },
  "get_f1": {
    "0": 0.3926592767,
    "1": 0.4239124954,
    "2": 0.4377322793,
    "3": 0.443972975,
    "4": 0.451623708,
    "5": 0.46279791,
    "6": 0.6723982692,
    "7": 0.8819295168,
    "8": 0.8596225977,
    "9": 0.9503150582,
    "10": 0.9602265954,
    "11": 0.9731636047,
    "12": 0.9756406546,
    "13": 0.6633495092,
    "14": 0.4704705179,
    "15": 0.7960736156,
    "16": 0.8789926171,
    "17": 0.933159411
  },
  "val_loss": {
    "0": 0.2673984766,
    "1": 0.2644409835,
    "2": 0.2610049248,
    "3": 0.2599337995,
    "4": 0.2575508952,
    "5": 0.2528703809,
    "6": 0.1015851572,
    "7": 0.2401420772,
    "8": 0.1367041767,
    "9": 0.0379556119,
    "10": 0.0320948698,
    "11": 0.0263517946,
    "12": 0.0243993774,
    "13": 0.2801141143,
    "14": 0.2295797318,
    "15": 0.0791028142,
    "16": 0.0439180918,
    "17": 0.0756731108
  },
  "val_accuracy": {
    "0": 0.5026477575,
    "1": 0.5039243698,
    "2": 0.5005673766,
    "3": 0.4996217489,
    "4": 0.5084633827,
    "5": 0.5323404074,
    "6": 0.8812766075,
    "7": 0.6176832318,
    "8": 0.8227896094,
    "9": 0.9654846191,
    "10": 0.9706856012,
    "11": 0.9747517705,
    "12": 0.9758392572,
    "13": 0.5056264997,
    "14": 0.6304964423,
    "15": 0.913995266,
    "16": 0.9588652253,
    "17": 0.9181560278
  },
  "val_get_f1": {
    "0": 0.4461026192,
    "1": 0.4683460891,
    "2": 0.421177268,
    "3": 0.3651436865,
    "4": 0.431482017,
    "5": 0.4286074936,
    "6": 0.8804092407,
    "7": 0.4899360538,
    "8": 0.8080496192,
    "9": 0.9661493897,
    "10": 0.971310854,
    "11": 0.9751875401,
    "12": 0.9762451649,
    "13": 0.3575256169,
    "14": 0.60888201,
    "15": 0.9141333103,
    "16": 0.9594494104,
    "17": 0.9186279774
  }
}