{
  "loss": {
    "0": 0.2671875358,
    "1": 0.2591388524,
    "2": 0.2572469413,
    "3": 0.2530915141,
    "4": 0.2386732996,
    "5": 0.2160804868,
    "6": 0.1836092621,
    "7": 0.1684660465,
    "8": 0.1578166932,
    "9": 0.1537225693,
    "10": 0.145086363,
    "11": 0.1410319954,
    "12": 0.1388805062,
    "13": 0.1350248754,
    "14": 0.1338652968,
    "15": 0.1323072165,
    "16": 0.12898691,
    "17": 0.1275411844,
    "18": 0.1253189594,
    "19": 0.1243518442,
    "20": 0.1287650019,
    "21": 0.1224659979,
    "22": 0.1190278456,
    "23": 0.1218027845
  },
  "accuracy": {
    "0": 0.4909227788,
    "1": 0.498570621,
    "2": 0.5032092929,
    "3": 0.5224969983,
    "4": 0.5798671246,
    "5": 0.6454709768,
    "6": 0.7193949819,
    "7": 0.751619041,
    "8": 0.7732309103,
    "9": 0.7806418538,
    "10": 0.7964881659,
    "11": 0.8036494851,
    "12": 0.8075358272,
    "13": 0.8141528368,
    "14": 0.8164481521,
    "15": 0.8171588778,
    "16": 0.8235262036,
    "17": 0.8261864781,
    "18": 0.8293397427,
    "19": 0.8306138515,
    "20": 0.8239231706,
    "21": 0.8335590363,
    "22": 0.839433372,
    "23": 0.8352428675
  },
  "get_f1": {
    "0": 0.4044705629,
    "1": 0.4364548326,
    "2": 0.4470382929,
    "3": 0.4727587104,
    "4": 0.5385574102,
    "5": 0.6115456223,
    "6": 0.7055132985,
    "7": 0.7395062447,
    "8": 0.7649348974,
    "9": 0.7713996172,
    "10": 0.7899823189,
    "11": 0.7980175614,
    "12": 0.8021019101,
    "13": 0.8097345233,
    "14": 0.8124260902,
    "15": 0.8122837543,
    "16": 0.819324553,
    "17": 0.8223554492,
    "18": 0.8261398673,
    "19": 0.8275049925,
    "20": 0.8195906878,
    "21": 0.8301564455,
    "22": 0.8366410732,
    "23": 0.8323702812
  },
  "val_loss": {
    "0": 0.260599345,
    "1": 0.2575312257,
    "2": 0.255348295,
    "3": 0.2481887341,
    "4": 0.2339903414,
    "5": 0.203191191,
    "6": 0.1718146652,
    "7": 0.1552924216,
    "8": 0.1563325077,
    "9": 0.1398867518,
    "10": 0.1374041289,
    "11": 0.1352771968,
    "12": 0.1337275654,
    "13": 0.139285773,
    "14": 0.1322363913,
    "15": 0.1309534609,
    "16": 0.1224015728,
    "17": 0.1241986454,
    "18": 0.120217368,
    "19": 0.1197811142,
    "20": 0.1181719005,
    "21": 0.1295965314,
    "22": 0.149967581,
    "23": 0.1195529923
  },
  "val_accuracy": {
    "0": 0.4985396862,
    "1": 0.5032018423,
    "2": 0.5091338158,
    "3": 0.5422766209,
    "4": 0.6175419688,
    "5": 0.6785306334,
    "6": 0.7447256446,
    "7": 0.781006813,
    "8": 0.7773786783,
    "9": 0.8083446622,
    "10": 0.8142040968,
    "11": 0.8133696318,
    "12": 0.8146213293,
    "13": 0.8124625683,
    "14": 0.8160725832,
    "15": 0.8213695884,
    "16": 0.8370975256,
    "17": 0.8366076946,
    "18": 0.8407437801,
    "19": 0.838911593,
    "20": 0.845605433,
    "21": 0.824108839,
    "22": 0.7751111388,
    "23": 0.8381496668
  },
  "val_get_f1": {
    "0": 0.3496749103,
    "1": 0.4262626171,
    "2": 0.4684950709,
    "3": 0.4170357585,
    "4": 0.6743531227,
    "5": 0.6312419772,
    "6": 0.7619633675,
    "7": 0.7770484686,
    "8": 0.7909699678,
    "9": 0.8068543673,
    "10": 0.804790318,
    "11": 0.8194907308,
    "12": 0.8182402253,
    "13": 0.8009433746,
    "14": 0.8220564723,
    "15": 0.8099808693,
    "16": 0.830090344,
    "17": 0.8339365721,
    "18": 0.845356822,
    "19": 0.8439306617,
    "20": 0.8431897759,
    "21": 0.8327870369,
    "22": 0.7348729372,
    "23": 0.8426400423
  }
}