{
  "loss": {
    "0": 0.2718793452,
    "1": 0.2625659108,
    "2": 0.2600371838,
    "3": 0.2593810856,
    "4": 0.2581745386,
    "5": 0.2572181821,
    "6": 0.2567691803,
    "7": 0.2564315796,
    "8": 0.2558901608,
    "9": 0.2555176318,
    "10": 0.254976064,
    "11": 0.2538827956,
    "12": 0.2427202463,
    "13": 0.1656341702,
    "14": 0.0993147567,
    "15": 0.0863010213,
    "16": 0.0660385787,
    "17": 0.0580255948,
    "18": 0.1278340369,
    "19": 0.1103474945,
    "20": 0.0944295228,
    "21": 0.0746416822,
    "22": 0.090767093
  },
  "accuracy": {
    "0": 0.5031944513,
    "1": 0.5040277839,
    "2": 0.5053921342,
    "3": 0.5051307082,
    "4": 0.5047793984,
    "5": 0.507410109,
    "6": 0.5102614164,
    "7": 0.5106862783,
    "8": 0.5130310655,
    "9": 0.5146160126,
    "10": 0.5167973638,
    "11": 0.5224101543,
    "12": 0.5749673247,
    "13": 0.780130744,
    "14": 0.8923529387,
    "15": 0.8991094828,
    "16": 0.9297630787,
    "17": 0.9372304082,
    "18": 0.8288071752,
    "19": 0.8757434487,
    "20": 0.8956617713,
    "21": 0.9214297533,
    "22": 0.9042156935
  },
  "get_f1": {
    "0": 0.4020406902,
    "1": 0.4308479726,
    "2": 0.4407410026,
    "3": 0.4382296503,
    "4": 0.4499301612,
    "5": 0.454881072,
    "6": 0.4599594772,
    "7": 0.4578080773,
    "8": 0.4651624262,
    "9": 0.4699873328,
    "10": 0.4745398462,
    "11": 0.4767291844,
    "12": 0.516082108,
    "13": 0.7585551143,
    "14": 0.8906223178,
    "15": 0.8948045373,
    "16": 0.9294162393,
    "17": 0.937168479,
    "18": 0.794651866,
    "19": 0.8699246645,
    "20": 0.8885909319,
    "21": 0.9192972779,
    "22": 0.9012372494
  },
  "val_loss": {
    "0": 0.2642654479,
    "1": 0.2612628639,
    "2": 0.2607766092,
    "3": 0.2601287067,
    "4": 0.26002267,
    "5": 0.2600748539,
    "6": 0.2604795098,
    "7": 0.2597726882,
    "8": 0.2586264908,
    "9": 0.2582262456,
    "10": 0.2578336,
    "11": 0.2571153343,
    "12": 0.1998466402,
    "13": 0.1318377852,
    "14": 0.1091145128,
    "15": 0.0545924194,
    "16": 0.0561778583,
    "17": 0.047005374,
    "18": 0.1429134607,
    "19": 0.080138281,
    "20": 0.0806384757,
    "21": 0.1062124297,
    "22": 0.1804394275
  },
  "val_accuracy": {
    "0": 0.50222224,
    "1": 0.5043981671,
    "2": 0.4994444549,
    "3": 0.4993055463,
    "4": 0.5006018281,
    "5": 0.5047222376,
    "6": 0.4923610985,
    "7": 0.5096296072,
    "8": 0.5047222376,
    "9": 0.499953717,
    "10": 0.5028240681,
    "11": 0.5224074125,
    "12": 0.7127314806,
    "13": 0.8391666412,
    "14": 0.8733796477,
    "15": 0.9425926208,
    "16": 0.9367129803,
    "17": 0.9499074221,
    "18": 0.8202314973,
    "19": 0.918240726,
    "20": 0.9230092764,
    "21": 0.8944444656,
    "22": 0.7613888979
  },
  "val_get_f1": {
    "0": 0.3663579226,
    "1": 0.4390031695,
    "2": 0.3595296443,
    "3": 0.3938064575,
    "4": 0.3683451414,
    "5": 0.5079318881,
    "6": 0.3314141035,
    "7": 0.5294442773,
    "8": 0.4808099866,
    "9": 0.4450705349,
    "10": 0.4558318257,
    "11": 0.4618088901,
    "12": 0.6912794709,
    "13": 0.8274214268,
    "14": 0.8743803501,
    "15": 0.9426625967,
    "16": 0.9367008805,
    "17": 0.9499799609,
    "18": 0.8216514587,
    "19": 0.9170520306,
    "20": 0.9213266969,
    "21": 0.896279335,
    "22": 0.7505443692
  }
}