{"loss":{"0":0.2724122405,"1":0.2136833221,"2":0.1185346246,"3":0.1036584601,"4":0.1003924608,"5":0.0961383879,"6":0.093853578,"7":0.0945026949,"8":0.0931852609,"9":0.09192954,"10":0.0902345777,"11":0.0907144845,"12":0.0903845057,"13":0.0893373266,"14":0.0897123814,"15":0.0895682648,"16":0.0886106715,"17":0.0880797654,"18":0.0875909403,"19":0.0871490985,"20":0.086716637,"21":0.0866452232,"22":0.0871970132,"23":0.0867568403},"accuracy":{"0":0.505089879,"1":0.6444117427,"2":0.8497467041,"3":0.8750980496,"4":0.8788807392,"5":0.8870996833,"6":0.8905392289,"7":0.8892892003,"8":0.8925817013,"9":0.8941993713,"10":0.8974019885,"11":0.8956536055,"12":0.897475481,"13":0.8983823657,"14":0.8973039389,"15":0.8985375762,"16":0.8998938203,"17":0.9006780982,"18":0.9018055797,"19":0.9026715755,"20":0.9026634097,"21":0.9032598138,"22":0.9021078348,"23":0.9030555487},"get_f1":{"0":0.4039545953,"1":0.6078884602,"2":0.847863555,"3":0.8746041656,"4":0.8785461783,"5":0.8871120811,"6":0.8906665444,"7":0.8893646598,"8":0.8927662373,"9":0.8944613934,"10":0.8976004124,"11":0.8958440423,"12":0.8977047205,"13":0.8987235427,"14":0.8976200819,"15":0.8989290595,"16":0.9002337456,"17":0.9010458589,"18":0.9020860195,"19":0.9032287598,"20":0.903016746,"21":0.9035688639,"22":0.9025560617,"23":0.9035551548},"val_loss":{"0":0.2614090443,"1":0.1325903535,"2":0.1153629571,"3":0.103654176,"4":0.096936658,"5":0.0948315635,"6":0.101552397,"7":0.1005215421,"8":0.0951519758,"9":0.0912618488,"10":0.0929342881,"11":0.0901023075,"12":0.0922172517,"13":0.0897105634,"14":0.0927920043,"15":0.0901947021,"16":0.0892604366,"17":0.0908538103,"18":0.0890527368,"19":0.0878421664,"20":0.0904565975,"21":0.0884582773,"22":0.0911348164,"23":0.0917017832},"val_accuracy":{"0":0.5159721971,"1":0.8268981576,"2":0.8542592525,"3":0.8745370507,"4":0.888148129,"5":0.8877314925,"6":0.8773611188,"7":0.8766666651,"8":0.8885648251,"9":0.8936111331,"10":0.8906944394,"11":0.8980092406,"12":0.8943055272,"13":0.8973610997,"14":0.8906944394,"15":0.8964814544,"16":0.8959722519,"17":0.8949999809,"18":0.9013425708,"19":0.8999074101,"20":0.89435184,"21":0.9007870555,"22":0.8950462937,"23":0.8918055296},"val_get_f1":{"0":0.4484047592,"1":0.8241916895,"2":0.8516557217,"3":0.875146687,"4":0.8871282935,"5":0.8894147277,"6":0.8769854903,"7":0.8777660728,"8":0.8889780641,"9":0.8945097327,"10":0.8918155432,"11":0.897761941,"12":0.8945736289,"13":0.8979919553,"14":0.8915601969,"15":0.8972875476,"16":0.8972973228,"17":0.8962827325,"18":0.901335001,"19":0.9005768299,"20":0.8951503634,"21":0.9011266232,"22":0.8965805173,"23":0.894112587}}