{
  "loss": {
    "0": 0.2713719606,
    "1": 0.2051552236,
    "2": 0.1217650995,
    "3": 0.1071737036,
    "4": 0.1034371629,
    "5": 0.1014893651,
    "6": 0.1002095342,
    "7": 0.0992766544,
    "8": 0.0977973565,
    "9": 0.0965550914,
    "10": 0.0959073976,
    "11": 0.0945673808,
    "12": 0.0948846564,
    "13": 0.094588019,
    "14": 0.0937953591,
    "15": 0.0937885493,
    "16": 0.0936610773,
    "17": 0.0925993472,
    "18": 0.0917459726,
    "19": 0.0923430175,
    "20": 0.0911131874,
    "21": 0.0912006497,
    "22": 0.0918753296,
    "23": 0.090787679,
    "24": 0.0900986642,
    "25": 0.0903854147,
    "26": 0.0901452824,
    "27": 0.0899042711,
    "28": 0.089222759,
    "29": 0.0897193551,
    "30": 0.0895332545,
    "31": 0.0896070153,
    "32": 0.088815853,
    "33": 0.0884484574,
    "34": 0.0880948007,
    "35": 0.0879453942,
    "36": 0.0877557769,
    "37": 0.0887323469,
    "38": 0.0873570219,
    "39": 0.0872076154,
    "40": 0.0878963247,
    "41": 0.0874859691,
    "42": 0.0873166099,
    "43": 0.0860173404,
    "44": 0.0865227655,
    "45": 0.0858094394,
    "46": 0.0858632997,
    "47": 0.0858720019,
    "48": 0.0859434679,
    "49": 0.0857263729,
    "50": 0.0856350213,
    "51": 0.0859164968,
    "52": 0.0858749151,
    "53": 0.0844760165,
    "54": 0.0852599964
  },
  "accuracy": {
    "0": 0.5013062954,
    "1": 0.6633533239,
    "2": 0.8442910314,
    "3": 0.8698521852,
    "4": 0.8752473593,
    "5": 0.8786482811,
    "6": 0.8799313903,
    "7": 0.8816241026,
    "8": 0.8839429021,
    "9": 0.8867487311,
    "10": 0.8883177638,
    "11": 0.8901032805,
    "12": 0.889662683,
    "13": 0.8899177313,
    "14": 0.8915100098,
    "15": 0.8910307884,
    "16": 0.8910153508,
    "17": 0.8932645917,
    "18": 0.8944472075,
    "19": 0.8933264017,
    "20": 0.8958230019,
    "21": 0.8954674602,
    "22": 0.8938984275,
    "23": 0.8960703611,
    "24": 0.8975235224,
    "25": 0.8969051242,
    "26": 0.8978867531,
    "27": 0.8981650472,
    "28": 0.8992548585,
    "29": 0.8983041644,
    "30": 0.8984819651,
    "31": 0.8982964158,
    "32": 0.8991389275,
    "33": 0.8998345733,
    "34": 0.9005997777,
    "35": 0.9009321928,
    "36": 0.9010944963,
    "37": 0.8993862867,
    "38": 0.9014654756,
    "39": 0.9027176499,
    "40": 0.9006616473,
    "41": 0.902277112,
    "42": 0.9019215107,
    "43": 0.9044336081,
    "44": 0.9038848281,
    "45": 0.9047350287,
    "46": 0.9050287604,
    "47": 0.9048818946,
    "48": 0.9039388895,
    "49": 0.9049668908,
    "50": 0.9047272801,
    "51": 0.9047968984,
    "52": 0.9044336081,
    "53": 0.9074326158,
    "54": 0.9054925442
  },
  "get_f1": {
    "0": 0.4030641019,
    "1": 0.6288508773,
    "2": 0.8416935802,
    "3": 0.8691465855,
    "4": 0.8748829961,
    "5": 0.8783701062,
    "6": 0.8796828985,
    "7": 0.88152951,
    "8": 0.8838433623,
    "9": 0.8868008256,
    "10": 0.8883262873,
    "11": 0.8899992108,
    "12": 0.8896835446,
    "13": 0.8900633454,
    "14": 0.891780138,
    "15": 0.8910323977,
    "16": 0.8910930157,
    "17": 0.8934990168,
    "18": 0.8947402835,
    "19": 0.8934087753,
    "20": 0.8959184289,
    "21": 0.8955129981,
    "22": 0.8940168023,
    "23": 0.8964261413,
    "24": 0.8975200653,
    "25": 0.8971302509,
    "26": 0.8979914188,
    "27": 0.8983586431,
    "28": 0.8994472623,
    "29": 0.898734808,
    "30": 0.8987547755,
    "31": 0.8987088203,
    "32": 0.8995021582,
    "33": 0.9001617432,
    "34": 0.9008572698,
    "35": 0.9011325836,
    "36": 0.9013230205,
    "37": 0.8996228576,
    "38": 0.9018059373,
    "39": 0.9032489061,
    "40": 0.9010164738,
    "41": 0.9026108384,
    "42": 0.9021469951,
    "43": 0.9047977924,
    "44": 0.9040752053,
    "45": 0.9049977064,
    "46": 0.9053891301,
    "47": 0.9051269293,
    "48": 0.9044156671,
    "49": 0.9053426981,
    "50": 0.9050638676,
    "51": 0.9051113725,
    "52": 0.90489012,
    "53": 0.9078659415,
    "54": 0.9059160948
  },
  "val_loss": {
    "0": 0.2593181133,
    "1": 0.1448196173,
    "2": 0.1105642989,
    "3": 0.103997685,
    "4": 0.1121049896,
    "5": 0.1014564335,
    "6": 0.099298887,
    "7": 0.0966594145,
    "8": 0.0964808986,
    "9": 0.0958349556,
    "10": 0.0972642601,
    "11": 0.0984432697,
    "12": 0.1019402072,
    "13": 0.09441524,
    "14": 0.0953611732,
    "15": 0.0940315649,
    "16": 0.0926849544,
    "17": 0.0921824053,
    "18": 0.0939732119,
    "19": 0.0939125717,
    "20": 0.0913295224,
    "21": 0.0960128531,
    "22": 0.0917539075,
    "23": 0.089895688,
    "24": 0.0902674347,
    "25": 0.0892749727,
    "26": 0.0925453603,
    "27": 0.0911098123,
    "28": 0.0900638029,
    "29": 0.088911511,
    "30": 0.0894549415,
    "31": 0.0886937156,
    "32": 0.089380458,
    "33": 0.0885653645,
    "34": 0.0890779048,
    "35": 0.0905532464,
    "36": 0.0966423079,
    "37": 0.0911569893,
    "38": 0.0874414891,
    "39": 0.0960194245,
    "40": 0.0867900923,
    "41": 0.0869493037,
    "42": 0.0873141065,
    "43": 0.0868968666,
    "44": 0.0853403285,
    "45": 0.0858823806,
    "46": 0.0901030675,
    "47": 0.0855562538,
    "48": 0.0870564282,
    "49": 0.0854148492,
    "50": 0.0885053426,
    "51": 0.0902796462,
    "52": 0.088256456,
    "53": 0.0865390897,
    "54": 0.0880344957
  },
  "val_accuracy": {
    "0": 0.5123949051,
    "1": 0.8049229383,
    "2": 0.8626489043,
    "3": 0.8767081499,
    "4": 0.8605027795,
    "5": 0.8780658841,
    "6": 0.8823580742,
    "7": 0.8871759176,
    "8": 0.8853801489,
    "9": 0.8872634768,
    "10": 0.8852487803,
    "11": 0.8837158084,
    "12": 0.876270175,
    "13": 0.8885336518,
    "14": 0.8891906142,
    "15": 0.890329361,
    "16": 0.8917309046,
    "17": 0.8923440576,
    "18": 0.8915557265,
    "19": 0.8899790049,
    "20": 0.8943588138,
    "21": 0.8886650205,
    "22": 0.8943588138,
    "23": 0.8978626728,
    "24": 0.8979064226,
    "25": 0.9001401663,
    "26": 0.892387867,
    "27": 0.8948843479,
    "28": 0.8988261819,
    "29": 0.9003153443,
    "30": 0.897950232,
    "31": 0.8984320164,
    "32": 0.897775054,
    "33": 0.9015855193,
    "34": 0.8982130289,
    "35": 0.8956727386,
    "36": 0.8872634768,
    "37": 0.8954537511,
    "38": 0.9013665318,
    "39": 0.8849859834,
    "40": 0.9032498002,
    "41": 0.9038630128,
    "42": 0.9018482566,
    "43": 0.9052645564,
    "44": 0.9053083658,
    "45": 0.9064033031,
    "46": 0.8954537511,
    "47": 0.903162241,
    "48": 0.9028556347,
    "49": 0.9061843157,
    "50": 0.9030746222,
    "51": 0.8970304728,
    "52": 0.9022862911,
    "53": 0.9042133689,
    "54": 0.9012351036
  },
  "val_get_f1": {
    "0": 0.4768049121,
    "1": 0.7991026044,
    "2": 0.8596971035,
    "3": 0.8747768998,
    "4": 0.8600215912,
    "5": 0.8769332767,
    "6": 0.8817126155,
    "7": 0.8870720267,
    "8": 0.8860448599,
    "9": 0.8876951337,
    "10": 0.8858299255,
    "11": 0.8834885955,
    "12": 0.8756679893,
    "13": 0.8896253705,
    "14": 0.8889635205,
    "15": 0.8903458714,
    "16": 0.8921432495,
    "17": 0.8936279416,
    "18": 0.8917850256,
    "19": 0.8898252249,
    "20": 0.89591676,
    "21": 0.8881685138,
    "22": 0.8941983581,
    "23": 0.8982475996,
    "24": 0.8972195387,
    "25": 0.8999969363,
    "26": 0.8927890658,
    "27": 0.8945636153,
    "28": 0.8991522789,
    "29": 0.900367558,
    "30": 0.8981921077,
    "31": 0.8989977837,
    "32": 0.897885263,
    "33": 0.9016683698,
    "34": 0.8990867734,
    "35": 0.8961013556,
    "36": 0.8873843551,
    "37": 0.8948539495,
    "38": 0.9021466374,
    "39": 0.8847712874,
    "40": 0.9027094841,
    "41": 0.9039493799,
    "42": 0.9031681418,
    "43": 0.904620707,
    "44": 0.9062076807,
    "45": 0.9058246613,
    "46": 0.895883739,
    "47": 0.9041201472,
    "48": 0.9035865664,
    "49": 0.9068942666,
    "50": 0.9035690427,
    "51": 0.8975558281,
    "52": 0.9025863409,
    "53": 0.9048775434,
    "54": 0.9015530348
  }
}