{
  "loss": {
    "0": 0.2737031579,
    "1": 0.262159735,
    "2": 0.2606226206,
    "3": 0.2592924237,
    "4": 0.2582371831,
    "5": 0.258048445,
    "6": 0.2575254142,
    "7": 0.2569021285,
    "8": 0.2563928366,
    "9": 0.2570040226,
    "10": 0.2561221719
  },
  "accuracy": {
    "0": 0.5030332208,
    "1": 0.5045298338,
    "2": 0.505282104,
    "3": 0.5068987608,
    "4": 0.5099479556,
    "5": 0.5106522441,
    "6": 0.512517035,
    "7": 0.5147339106,
    "8": 0.515750289,
    "9": 0.5169507861,
    "10": 0.5195678473
  },
  "get_f1": {
    "0": 0.3972019255,
    "1": 0.4384717941,
    "2": 0.443026036,
    "3": 0.4504944086,
    "4": 0.4565656781,
    "5": 0.4524146914,
    "6": 0.4614805877,
    "7": 0.4638788104,
    "8": 0.4671302438,
    "9": 0.4677069187,
    "10": 0.472561866
  },
  "val_loss": {
    "0": 0.2636108994,
    "1": 0.2608117759,
    "2": 0.2603336275,
    "3": 0.2599273622,
    "4": 0.2596509159,
    "5": 0.2592766881,
    "6": 0.25942716,
    "7": 0.2588967383,
    "8": 0.2586627603,
    "9": 0.2592611313,
    "10": 0.2589782774
  },
  "val_accuracy": {
    "0": 0.5090249181,
    "1": 0.5050340295,
    "2": 0.5016326308,
    "3": 0.5039002299,
    "4": 0.5001360774,
    "5": 0.5040816069,
    "6": 0.5019500852,
    "7": 0.5044444203,
    "8": 0.5011791587,
    "9": 0.5023128986,
    "10": 0.4994557798
  },
  "val_get_f1": {
    "0": 0.4559003711,
    "1": 0.4563089907,
    "2": 0.4274357855,
    "3": 0.4464906752,
    "4": 0.3958733976,
    "5": 0.484053582,
    "6": 0.4185788929,
    "7": 0.4545387626,
    "8": 0.4522211254,
    "9": 0.4675278962,
    "10": 0.4459389448
  }
}