{
  "loss": {
    "0": 0.2720796764,
    "1": 0.261141777,
    "2": 0.2590731084,
    "3": 0.2582521141,
    "4": 0.2576239407,
    "5": 0.2571872473
  },
  "accuracy": {
    "0": 0.4992240369,
    "1": 0.5044472218,
    "2": 0.505924046,
    "3": 0.5102545023,
    "4": 0.510997057,
    "5": 0.5104880929
  },
  "get_f1": {
    "0": 0.3852283359,
    "1": 0.4322030246,
    "2": 0.4429031909,
    "3": 0.4489932656,
    "4": 0.4513785541,
    "5": 0.4534126222
  },
  "val_loss": {
    "0": 0.2657276988,
    "1": 0.2606378496,
    "2": 0.2589128017,
    "3": 0.2610534132,
    "4": 0.2586315572,
    "5": 0.2600997984
  },
  "val_accuracy": {
    "0": 0.5094090104,
    "1": 0.5065248013,
    "2": 0.5115839243,
    "3": 0.4906382859,
    "4": 0.4989598095,
    "5": 0.4961702228
  },
  "val_get_f1": {
    "0": 0.5283413529,
    "1": 0.477817446,
    "2": 0.46826455,
    "3": 0.319904536,
    "4": 0.3968182504,
    "5": 0.363124907
  }
}