{
  "loss": {
    "0": 0.2730026543,
    "1": 0.2632950842,
    "2": 0.2616303563,
    "3": 0.2602998912,
    "4": 0.260055095,
    "5": 0.2590965331,
    "6": 0.257329762
  },
  "accuracy": {
    "0": 0.4990738332,
    "1": 0.502695024,
    "2": 0.5036962628,
    "3": 0.5063496232,
    "4": 0.510438025,
    "5": 0.5121067762,
    "6": 0.5196662545
  },
  "get_f1": {
    "0": 0.3961647749,
    "1": 0.4283877313,
    "2": 0.4380988479,
    "3": 0.444545269,
    "4": 0.4470707178,
    "5": 0.4499129653,
    "6": 0.4652005732
  },
  "val_loss": {
    "0": 0.2657287121,
    "1": 0.2637139559,
    "2": 0.261857748,
    "3": 0.2617183626,
    "4": 0.2607920766,
    "5": 0.2614112496,
    "6": 0.2464551777
  },
  "val_accuracy": {
    "0": 0.5006619096,
    "1": 0.5059574246,
    "2": 0.4978250563,
    "3": 0.5030260086,
    "4": 0.5040189028,
    "5": 0.4986761212,
    "6": 0.5607092381
  },
  "val_get_f1": {
    "0": 0.4779922366,
    "1": 0.4959601462,
    "2": 0.3960561454,
    "3": 0.4041304588,
    "4": 0.4267838299,
    "5": 0.3704799712,
    "6": 0.4842677116
  }
}